id,organization_id,from_entity_id,to_entity_id,relationship_type,relationship_direction,relationship_strength,relationship_data,smart_code,smart_code_status,ai_confidence,ai_classification,ai_insights,business_logic,validation_rules,is_active,effective_date,expiration_date,created_at,updated_at,created_by,updated_by,version
c1f28b1d-5bc5-454d-865f-7f1857c17f5a,378f24fb-d496-4ff7-8afa-ea34895a0eb8,9ac224a3-1e79-4a45-b869-c686a0956c30,1cfb4341-30b6-49cc-a03f-80aa04e4b995,STOCK_OF_PRODUCT,forward,1.0000,{},HERA.SALON.INV.REL.STOCKOFPRODUCT.V1,DRAFT,0.0000,,{},{},{},t,2025-10-17 08:28:36.137+00,,2025-10-17 08:28:36.153706+00,2025-10-17 08:28:36.153706+00,09b0b92a-d797-489e-bc03-5ca0a6272674,09b0b92a-d797-489e-bc03-5ca0a6272674,1
3cd67b3b-77d3-4d92-986a-2365a6289ad3,378f24fb-d496-4ff7-8afa-ea34895a0eb8,9ac224a3-1e79-4a45-b869-c686a0956c30,db115f39-55c9-42cb-8d0f-99c7c10f9f1b,STOCK_AT_LOCATION,forward,1.0000,{},HERA.SALON.INV.REL.STOCKATLOCATION.V1,DRAFT,0.0000,,{},{},{},t,2025-10-17 08:28:37.025+00,,2025-10-17 08:28:37.031578+00,2025-10-17 08:28:37.031578+00,09b0b92a-d797-489e-bc03-5ca0a6272674,09b0b92a-d797-489e-bc03-5ca0a6272674,1
793132ba-18de-4ae7-ba94-8b3a05384e39,378f24fb-d496-4ff7-8afa-ea34895a0eb8,9f425998-dfae-47f6-af2b-2aa41c3fb7a5,1cfb4341-30b6-49cc-a03f-80aa04e4b995,STOCK_OF_PRODUCT,forward,1.0000,{},HERA.SALON.INV.REL.STOCKOFPRODUCT.V1,DRAFT,0.0000,,{},{},{},t,2025-10-17 08:28:38.99+00,,2025-10-17 08:28:39.00257+00,2025-10-17 08:28:39.00257+00,09b0b92a-d797-489e-bc03-5ca0a6272674,09b0b92a-d797-489e-bc03-5ca0a6272674,1
c02ae001-3a5b-4f09-b626-10de04062e8a,378f24fb-d496-4ff7-8afa-ea34895a0eb8,9f425998-dfae-47f6-af2b-2aa41c3fb7a5,83f96b69-156f-4029-b636-638ad7b36c47,STOCK_AT_LOCATION,forward,1.0000,{},HERA.SALON.INV.REL.STOCKATLOCATION.V1,DRAFT,0.0000,,{},{},{},t,2025-10-17 08:28:39.912+00,,2025-10-17 08:28:39.925174+00,2025-10-17 08:28:39.925174+00,09b0b92a-d797-489e-bc03-5ca0a6272674,09b0b92a-d797-489e-bc03-5ca0a6272674,1
3e9ae123-8964-4b41-b774-3228468a7254,378f24fb-d496-4ff7-8afa-ea34895a0eb8,7432038c-e849-4b65-9f61-2aa04a5cc8aa,d84c5cc0-0b15-44fb-9ba3-1f8791b36227,STOCK_OF_PRODUCT,forward,1.0000,{},HERA.SALON.INV.REL.STOCKOFPRODUCT.V1,DRAFT,0.0000,,{},{},{},t,2025-10-17 08:28:41.774+00,,2025-10-17 08:28:41.778644+00,2025-10-17 08:28:41.778644+00,09b0b92a-d797-489e-bc03-5ca0a6272674,09b0b92a-d797-489e-bc03-5ca0a6272674,1
7c8c82aa-c15d-4fdd-8049-56f7d575385c,378f24fb-d496-4ff7-8afa-ea34895a0eb8,7432038c-e849-4b65-9f61-2aa04a5cc8aa,db115f39-55c9-42cb-8d0f-99c7c10f9f1b,STOCK_AT_LOCATION,forward,1.0000,{},HERA.SALON.INV.REL.STOCKATLOCATION.V1,DRAFT,0.0000,,{},{},{},t,2025-10-17 08:28:42.663+00,,2025-10-17 08:28:42.668107+00,2025-10-17 08:28:42.668107+00,09b0b92a-d797-489e-bc03-5ca0a6272674,09b0b92a-d797-489e-bc03-5ca0a6272674,1
0e6ca2ee-0cc6-4874-9252-1f1d44e8b4e7,378f24fb-d496-4ff7-8afa-ea34895a0eb8,29f6919f-1d25-454c-9a4f-18edd606fd8c,d84c5cc0-0b15-44fb-9ba3-1f8791b36227,STOCK_OF_PRODUCT,forward,1.0000,{},HERA.SALON.INV.REL.STOCKOFPRODUCT.V1,DRAFT,0.0000,,{},{},{},t,2025-10-17 08:28:44.3+00,,2025-10-17 08:28:44.307705+00,2025-10-17 08:28:44.307705+00,09b0b92a-d797-489e-bc03-5ca0a6272674,09b0b92a-d797-489e-bc03-5ca0a6272674,1
34c380a9-3529-4ca4-a25f-c725fd1516aa,378f24fb-d496-4ff7-8afa-ea34895a0eb8,29f6919f-1d25-454c-9a4f-18edd606fd8c,83f96b69-156f-4029-b636-638ad7b36c47,STOCK_AT_LOCATION,forward,1.0000,{},HERA.SALON.INV.REL.STOCKATLOCATION.V1,DRAFT,0.0000,,{},{},{},t,2025-10-17 08:28:45.296+00,,2025-10-17 08:28:45.30397+00,2025-10-17 08:28:45.30397+00,09b0b92a-d797-489e-bc03-5ca0a6272674,09b0b92a-d797-489e-bc03-5ca0a6272674,1
b1d051a8-15d5-4639-89b3-4505fba64bbb,378f24fb-d496-4ff7-8afa-ea34895a0eb8,056e77f1-9a72-4371-9cf2-0ffbf2cad188,5b66f153-3949-4d02-8afa-0de425ca799e,STOCK_OF_PRODUCT,forward,1.0000,{},HERA.SALON.INV.REL.STOCKOFPRODUCT.V1,DRAFT,0.0000,,{},{},{},t,2025-10-17 08:28:47.176+00,,2025-10-17 08:28:47.191267+00,2025-10-17 08:28:47.191267+00,09b0b92a-d797-489e-bc03-5ca0a6272674,09b0b92a-d797-489e-bc03-5ca0a6272674,1
0eea7421-6750-4517-8acf-afbbe985f129,378f24fb-d496-4ff7-8afa-ea34895a0eb8,056e77f1-9a72-4371-9cf2-0ffbf2cad188,db115f39-55c9-42cb-8d0f-99c7c10f9f1b,STOCK_AT_LOCATION,forward,1.0000,{},HERA.SALON.INV.REL.STOCKATLOCATION.V1,DRAFT,0.0000,,{},{},{},t,2025-10-17 08:28:48.174+00,,2025-10-17 08:28:48.181968+00,2025-10-17 08:28:48.181968+00,09b0b92a-d797-489e-bc03-5ca0a6272674,09b0b92a-d797-489e-bc03-5ca0a6272674,1
e2341cf8-662d-437d-b675-6705c6ce9a9f,378f24fb-d496-4ff7-8afa-ea34895a0eb8,d78de7c6-153a-4dc2-927f-989ad82c77cd,5b66f153-3949-4d02-8afa-0de425ca799e,STOCK_OF_PRODUCT,forward,1.0000,{},HERA.SALON.INV.REL.STOCKOFPRODUCT.V1,DRAFT,0.0000,,{},{},{},t,2025-10-17 08:28:50.149+00,,2025-10-17 08:28:50.15405+00,2025-10-17 08:28:50.15405+00,09b0b92a-d797-489e-bc03-5ca0a6272674,09b0b92a-d797-489e-bc03-5ca0a6272674,1
64cdb8cf-79c3-4690-8429-d736f06318e0,378f24fb-d496-4ff7-8afa-ea34895a0eb8,d78de7c6-153a-4dc2-927f-989ad82c77cd,83f96b69-156f-4029-b636-638ad7b36c47,STOCK_AT_LOCATION,forward,1.0000,{},HERA.SALON.INV.REL.STOCKATLOCATION.V1,DRAFT,0.0000,,{},{},{},t,2025-10-17 08:28:51.067+00,,2025-10-17 08:28:51.07529+00,2025-10-17 08:28:51.07529+00,09b0b92a-d797-489e-bc03-5ca0a6272674,09b0b92a-d797-489e-bc03-5ca0a6272674,1
cd96cac7-50b6-4b11-af05-14ad0f69cfcf,378f24fb-d496-4ff7-8afa-ea34895a0eb8,cbd863e0-4559-4c20-ac27-3c67eca95bf6,5ea6c644-1c7a-4e60-8594-aa26c9c75215,STOCK_OF_PRODUCT,forward,1.0000,{},HERA.SALON.INV.REL.STOCKOFPRODUCT.V1,DRAFT,0.0000,,{},{},{},t,2025-10-17 08:28:52.859+00,,2025-10-17 08:28:52.868007+00,2025-10-17 08:28:52.868007+00,09b0b92a-d797-489e-bc03-5ca0a6272674,09b0b92a-d797-489e-bc03-5ca0a6272674,1
14390dba-09ab-4fea-b779-238aba499e86,378f24fb-d496-4ff7-8afa-ea34895a0eb8,cbd863e0-4559-4c20-ac27-3c67eca95bf6,db115f39-55c9-42cb-8d0f-99c7c10f9f1b,STOCK_AT_LOCATION,forward,1.0000,{},HERA.SALON.INV.REL.STOCKATLOCATION.V1,DRAFT,0.0000,,{},{},{},t,2025-10-17 08:28:53.975+00,,2025-10-17 08:28:53.979076+00,2025-10-17 08:28:53.979076+00,09b0b92a-d797-489e-bc03-5ca0a6272674,09b0b92a-d797-489e-bc03-5ca0a6272674,1
d6b5585a-bcef-4c29-b962-ac132e5162a3,378f24fb-d496-4ff7-8afa-ea34895a0eb8,8bf87ca0-b1fb-49ac-8cf7-91bfa1345b82,5ea6c644-1c7a-4e60-8594-aa26c9c75215,STOCK_OF_PRODUCT,forward,1.0000,{},HERA.SALON.INV.REL.STOCKOFPRODUCT.V1,DRAFT,0.0000,,{},{},{},t,2025-10-17 08:28:55.754+00,,2025-10-17 08:28:55.761569+00,2025-10-17 08:28:55.761569+00,09b0b92a-d797-489e-bc03-5ca0a6272674,09b0b92a-d797-489e-bc03-5ca0a6272674,1
8aaa6a98-46a8-4ce7-a0b1-e52ee6b5fd73,378f24fb-d496-4ff7-8afa-ea34895a0eb8,8bf87ca0-b1fb-49ac-8cf7-91bfa1345b82,83f96b69-156f-4029-b636-638ad7b36c47,STOCK_AT_LOCATION,forward,1.0000,{},HERA.SALON.INV.REL.STOCKATLOCATION.V1,DRAFT,0.0000,,{},{},{},t,2025-10-17 08:28:56.69+00,,2025-10-17 08:28:56.694794+00,2025-10-17 08:28:56.694794+00,09b0b92a-d797-489e-bc03-5ca0a6272674,09b0b92a-d797-489e-bc03-5ca0a6272674,1
65291952-36e9-431e-a3ae-cd11fd319186,378f24fb-d496-4ff7-8afa-ea34895a0eb8,9577eece-8093-4292-a406-f6e0cc0c9ec2,d1590d75-7efd-449c-b484-08ed92aa90cf,STOCK_OF_PRODUCT,forward,1.0000,{},HERA.SALON.INV.REL.STOCKOFPRODUCT.V1,DRAFT,0.0000,,{},{},{},t,2025-10-17 08:28:58.286+00,,2025-10-17 08:28:58.314113+00,2025-10-17 08:28:58.314113+00,09b0b92a-d797-489e-bc03-5ca0a6272674,09b0b92a-d797-489e-bc03-5ca0a6272674,1
aaaf9b43-bcd9-4a2d-9c68-4673bc941464,378f24fb-d496-4ff7-8afa-ea34895a0eb8,9577eece-8093-4292-a406-f6e0cc0c9ec2,db115f39-55c9-42cb-8d0f-99c7c10f9f1b,STOCK_AT_LOCATION,forward,1.0000,{},HERA.SALON.INV.REL.STOCKATLOCATION.V1,DRAFT,0.0000,,{},{},{},t,2025-10-17 08:28:59.283+00,,2025-10-17 08:28:59.293174+00,2025-10-17 08:28:59.293174+00,09b0b92a-d797-489e-bc03-5ca0a6272674,09b0b92a-d797-489e-bc03-5ca0a6272674,1
32caa552-b44a-44ed-8236-dc5cceb848a1,378f24fb-d496-4ff7-8afa-ea34895a0eb8,ecc59698-4d39-415a-b7fa-4a3ed50a9c96,d1590d75-7efd-449c-b484-08ed92aa90cf,STOCK_OF_PRODUCT,forward,1.0000,{},HERA.SALON.INV.REL.STOCKOFPRODUCT.V1,DRAFT,0.0000,,{},{},{},t,2025-10-17 08:29:02.12+00,,2025-10-17 08:29:02.127969+00,2025-10-17 08:29:02.127969+00,09b0b92a-d797-489e-bc03-5ca0a6272674,09b0b92a-d797-489e-bc03-5ca0a6272674,1
20eedff3-4e4a-4b1f-9e8f-4a244c1052ff,378f24fb-d496-4ff7-8afa-ea34895a0eb8,ecc59698-4d39-415a-b7fa-4a3ed50a9c96,83f96b69-156f-4029-b636-638ad7b36c47,STOCK_AT_LOCATION,forward,1.0000,{},HERA.SALON.INV.REL.STOCKATLOCATION.V1,DRAFT,0.0000,,{},{},{},t,2025-10-17 08:29:02.899+00,,2025-10-17 08:29:02.90837+00,2025-10-17 08:29:02.90837+00,09b0b92a-d797-489e-bc03-5ca0a6272674,09b0b92a-d797-489e-bc03-5ca0a6272674,1
f53859e5-01f5-4782-bc3b-506b835bbf7e,378f24fb-d496-4ff7-8afa-ea34895a0eb8,f8da0bbd-00a3-44b2-9c6e-746bbf2ea0f1,48e80e6d-50bb-4591-bb5c-18b90cb89b47,STOCK_OF_PRODUCT,forward,1.0000,{},HERA.SALON.INV.REL.STOCKOFPRODUCT.V1,DRAFT,0.0000,,{},{},{},t,2025-10-17 08:29:04.328+00,,2025-10-17 08:29:04.338814+00,2025-10-17 08:29:04.338814+00,09b0b92a-d797-489e-bc03-5ca0a6272674,09b0b92a-d797-489e-bc03-5ca0a6272674,1
23a724fe-5c41-4e07-a307-a4aee959f342,378f24fb-d496-4ff7-8afa-ea34895a0eb8,f8da0bbd-00a3-44b2-9c6e-746bbf2ea0f1,db115f39-55c9-42cb-8d0f-99c7c10f9f1b,STOCK_AT_LOCATION,forward,1.0000,{},HERA.SALON.INV.REL.STOCKATLOCATION.V1,DRAFT,0.0000,,{},{},{},t,2025-10-17 08:29:05.176+00,,2025-10-17 08:29:05.186269+00,2025-10-17 08:29:05.186269+00,09b0b92a-d797-489e-bc03-5ca0a6272674,09b0b92a-d797-489e-bc03-5ca0a6272674,1
2456add5-2278-45ca-bd78-23171b8ffc98,378f24fb-d496-4ff7-8afa-ea34895a0eb8,a73cb9ea-f7e4-468f-8591-1357f07eb1bf,48e80e6d-50bb-4591-bb5c-18b90cb89b47,STOCK_OF_PRODUCT,forward,1.0000,{},HERA.SALON.INV.REL.STOCKOFPRODUCT.V1,DRAFT,0.0000,,{},{},{},t,2025-10-17 08:29:06.655+00,,2025-10-17 08:29:06.656181+00,2025-10-17 08:29:06.656181+00,09b0b92a-d797-489e-bc03-5ca0a6272674,09b0b92a-d797-489e-bc03-5ca0a6272674,1
45ff08ce-951e-4eb6-b34b-706dd3f19c24,378f24fb-d496-4ff7-8afa-ea34895a0eb8,8bafb26b-9fae-491d-a399-816cc7925753,48089a0e-5199-4d82-b9ac-3a09b68a6864,USER_MEMBER_OF_ORG,forward,1.0000,{},HERA.UNIVERSAL.MEMBERSHIP.USER.ORG.v1,DRAFT,0.0000,,{},{},{},t,2025-10-09 15:12:33.289507+00,,2025-10-09 15:12:33.289507+00,2025-10-09 15:12:33.289507+00,09b0b92a-d797-489e-bc03-5ca0a6272674,09b0b92a-d797-489e-bc03-5ca0a6272674,1
7cb3e5c6-d12d-4c40-aa08-2e1e12879adc,378f24fb-d496-4ff7-8afa-ea34895a0eb8,bd955c9c-81ef-4c36-ae02-34fb79a1c5b3,378f24fb-d496-4ff7-8afa-ea34895a0eb8,MEMBER_OF,forward,1.0000,"{""role"": ""Owner""}",,DRAFT,0.0000,,{},{},{},t,2025-10-19 18:23:59.079596+00,,2025-10-19 18:23:59.079596+00,2025-10-19 18:23:59.079596+00,bd955c9c-81ef-4c36-ae02-34fb79a1c5b3,bd955c9c-81ef-4c36-ae02-34fb79a1c5b3,1
b39ebc9a-f7b6-4d38-af9b-681e5d6a2eac,378f24fb-d496-4ff7-8afa-ea34895a0eb8,56f4912f-90f4-448e-948a-10e7c85843d0,db115f39-55c9-42cb-8d0f-99c7c10f9f1b,AVAILABLE_AT,forward,1.0000,{},HERA.SALON.SERVICE.REL.LOCATION.V1,DRAFT,0.0000,,{},{},{},t,2025-10-19 18:47:47.315+00,,2025-10-19 18:47:47.347163+00,2025-10-19 18:47:47.347163+00,bd955c9c-81ef-4c36-ae02-34fb79a1c5b3,bd955c9c-81ef-4c36-ae02-34fb79a1c5b3,1
87306529-0982-4b0b-a19b-96b7c476a2f1,378f24fb-d496-4ff7-8afa-ea34895a0eb8,67574364-9fb1-42a0-838e-81539770a0d0,ee3228e6-07da-4380-a7fb-f926f5368c29,HAS_STATUS,forward,1.0000,{},HERA.UNIVERSAL.WORKFLOW.STATUS.ASSIGN.v1,DRAFT,0.0000,,{},{},{},t,2025-10-09 15:12:33.362052+00,,2025-10-09 15:12:33.362052+00,2025-10-09 15:12:33.362052+00,09b0b92a-d797-489e-bc03-5ca0a6272674,09b0b92a-d797-489e-bc03-5ca0a6272674,1
cb4c69dd-b231-42a3-aa76-4721f52da57d,378f24fb-d496-4ff7-8afa-ea34895a0eb8,562bd8a5-6e9b-4744-8dc1-5e841a380de2,83f96b69-156f-4029-b636-638ad7b36c47,AVAILABLE_AT,forward,1.0000,{},HERA.SALON.SERVICE.REL.LOCATION.V1,DRAFT,0.0000,,{},{},{},t,2025-10-19 18:48:47.547+00,,2025-10-19 18:48:47.583083+00,2025-10-19 18:48:47.583083+00,bd955c9c-81ef-4c36-ae02-34fb79a1c5b3,bd955c9c-81ef-4c36-ae02-34fb79a1c5b3,1
69d6c1d2-78c5-4aa1-96ca-a1a6aba655b9,378f24fb-d496-4ff7-8afa-ea34895a0eb8,d01f5f3c-1cc0-47e0-95c8-a56dfefdf0f0,ee3228e6-07da-4380-a7fb-f926f5368c29,HAS_STATUS,forward,1.0000,{},HERA.UNIVERSAL.WORKFLOW.STATUS.ASSIGN.v1,DRAFT,0.0000,,{},{},{},t,2025-10-09 15:12:33.431728+00,,2025-10-09 15:12:33.431728+00,2025-10-09 15:12:33.431728+00,09b0b92a-d797-489e-bc03-5ca0a6272674,09b0b92a-d797-489e-bc03-5ca0a6272674,1
abc2070d-91a2-49c6-a710-15cfb457efa8,378f24fb-d496-4ff7-8afa-ea34895a0eb8,15a59206-24dd-44b0-8e87-d6b3feaf19e2,ee3228e6-07da-4380-a7fb-f926f5368c29,HAS_STATUS,forward,1.0000,{},HERA.UNIVERSAL.WORKFLOW.STATUS.ASSIGN.v1,DRAFT,0.0000,,{},{},{},t,2025-10-09 15:12:33.529505+00,,2025-10-09 15:12:33.529505+00,2025-10-09 15:12:33.529505+00,09b0b92a-d797-489e-bc03-5ca0a6272674,09b0b92a-d797-489e-bc03-5ca0a6272674,1
e8f7a49b-a5a5-4525-a2d4-967ebddbb992,378f24fb-d496-4ff7-8afa-ea34895a0eb8,a73cb9ea-f7e4-468f-8591-1357f07eb1bf,83f96b69-156f-4029-b636-638ad7b36c47,STOCK_AT_LOCATION,forward,1.0000,{},HERA.SALON.INV.REL.STOCKATLOCATION.V1,DRAFT,0.0000,,{},{},{},t,2025-10-17 08:29:07.416+00,,2025-10-17 08:29:07.448739+00,2025-10-17 08:29:07.448739+00,09b0b92a-d797-489e-bc03-5ca0a6272674,09b0b92a-d797-489e-bc03-5ca0a6272674,1
532a0a0a-84e7-4829-90da-4dab1e9b60ce,378f24fb-d496-4ff7-8afa-ea34895a0eb8,b92cad97-bc1f-4831-97e2-3367d4c020dc,378f24fb-d496-4ff7-8afa-ea34895a0eb8,MEMBER_OF,forward,1.0000,"{""role"": ""Receptionist""}",,DRAFT,0.0000,,{},{},{},t,2025-10-19 18:23:59.619285+00,,2025-10-19 18:23:59.619285+00,2025-10-19 18:23:59.619285+00,b92cad97-bc1f-4831-97e2-3367d4c020dc,b92cad97-bc1f-4831-97e2-3367d4c020dc,1
d3ffd03c-202e-4373-90af-6c2a26fbb104,378f24fb-d496-4ff7-8afa-ea34895a0eb8,56f4912f-90f4-448e-948a-10e7c85843d0,83f96b69-156f-4029-b636-638ad7b36c47,AVAILABLE_AT,forward,1.0000,{},HERA.SALON.SERVICE.REL.LOCATION.V1,DRAFT,0.0000,,{},{},{},t,2025-10-19 18:47:48.182+00,,2025-10-19 18:47:48.214672+00,2025-10-19 18:47:48.214672+00,bd955c9c-81ef-4c36-ae02-34fb79a1c5b3,bd955c9c-81ef-4c36-ae02-34fb79a1c5b3,1
6ac68b3a-a620-4836-896a-5b83c3f60cda,378f24fb-d496-4ff7-8afa-ea34895a0eb8,e3cce367-1dea-446c-b257-04690169099a,8c19b0c3-89a7-4888-9f49-0e4bbd4f0b7c,HAS_CATEGORY,forward,1.0000,{},HERA.SALON.SERVICE.REL.CATEGORY.V1,DRAFT,0.0000,,{},{},{},t,2025-10-19 18:49:59.516+00,,2025-10-19 18:49:59.549031+00,2025-10-19 18:49:59.549031+00,bd955c9c-81ef-4c36-ae02-34fb79a1c5b3,bd955c9c-81ef-4c36-ae02-34fb79a1c5b3,1
de52c8ca-605b-40f8-8eda-db35bc24f8c7,378f24fb-d496-4ff7-8afa-ea34895a0eb8,09b0b92a-d797-489e-bc03-5ca0a6272674,378f24fb-d496-4ff7-8afa-ea34895a0eb8,MEMBER_OF,forward,1.0000,"{""role"": ""OWNER"", ""permissions"": [""*""]}",HERA.CORE.USER.REL.MEMBER_OF.V1,DRAFT,0.0000,,{},{},{},t,2025-10-16 12:12:37.804821+00,,2025-10-16 12:12:37.689+00,2025-10-18 06:15:58.401+00,09b0b92a-d797-489e-bc03-5ca0a6272674,09b0b92a-d797-489e-bc03-5ca0a6272674,1
6998468f-b43c-41d7-83c5-924f6f4ab648,378f24fb-d496-4ff7-8afa-ea34895a0eb8,b834fb76-a8ed-4e48-b60e-7290833c60c1,60e20f53-efcd-4197-9ee8-6c4e9344e9b7,HAS_CATEGORY,forward,1.0000,{},HERA.SALON.SERVICE.REL.CATEGORY.V1,DRAFT,0.0000,,{},{},{},t,2025-10-19 18:51:15.175+00,,2025-10-19 18:51:15.215717+00,2025-10-19 18:51:15.215717+00,bd955c9c-81ef-4c36-ae02-34fb79a1c5b3,bd955c9c-81ef-4c36-ae02-34fb79a1c5b3,1
34b15b64-6c66-4d32-8d94-426e25ef8feb,378f24fb-d496-4ff7-8afa-ea34895a0eb8,de433549-bc59-4e06-ab12-55822d46492b,60e20f53-efcd-4197-9ee8-6c4e9344e9b7,HAS_CATEGORY,forward,1.0000,{},HERA.SALON.SERVICE.REL.CATEGORY.V1,DRAFT,0.0000,,{},{},{},t,2025-10-19 18:52:21.495+00,,2025-10-19 18:52:21.527672+00,2025-10-19 18:52:21.527672+00,bd955c9c-81ef-4c36-ae02-34fb79a1c5b3,bd955c9c-81ef-4c36-ae02-34fb79a1c5b3,1
4472e100-745b-4102-8ee1-a94f8df3a690,378f24fb-d496-4ff7-8afa-ea34895a0eb8,fed52931-04eb-459f-9c5b-20f81f43b4ef,60e20f53-efcd-4197-9ee8-6c4e9344e9b7,HAS_CATEGORY,forward,1.0000,{},HERA.SALON.SERVICE.REL.CATEGORY.V1,DRAFT,0.0000,,{},{},{},t,2025-10-19 18:53:03.239+00,,2025-10-19 18:53:03.268605+00,2025-10-19 18:53:03.268605+00,bd955c9c-81ef-4c36-ae02-34fb79a1c5b3,bd955c9c-81ef-4c36-ae02-34fb79a1c5b3,1
870ec427-cf62-4e9c-a977-56c09ec3e763,378f24fb-d496-4ff7-8afa-ea34895a0eb8,fed52931-04eb-459f-9c5b-20f81f43b4ef,83f96b69-156f-4029-b636-638ad7b36c47,AVAILABLE_AT,forward,1.0000,{},HERA.SALON.SERVICE.REL.LOCATION.V1,DRAFT,0.0000,,{},{},{},t,2025-10-19 18:53:04.911+00,,2025-10-19 18:53:04.953483+00,2025-10-19 18:53:04.953483+00,bd955c9c-81ef-4c36-ae02-34fb79a1c5b3,bd955c9c-81ef-4c36-ae02-34fb79a1c5b3,1
b556e1b5-f3d9-4b98-b775-c66f3cd19330,378f24fb-d496-4ff7-8afa-ea34895a0eb8,2e9b2289-89f5-4b1c-9d6f-db4add67bec3,db115f39-55c9-42cb-8d0f-99c7c10f9f1b,AVAILABLE_AT,forward,1.0000,{},HERA.SALON.SERVICE.REL.LOCATION.V1,DRAFT,0.0000,,{},{},{},t,2025-10-19 18:53:46.043+00,,2025-10-19 18:53:46.084176+00,2025-10-19 18:53:46.084176+00,bd955c9c-81ef-4c36-ae02-34fb79a1c5b3,bd955c9c-81ef-4c36-ae02-34fb79a1c5b3,1
96f3cfba-1459-471d-92d4-3dd543965b09,378f24fb-d496-4ff7-8afa-ea34895a0eb8,8270ef88-a7d3-4d8b-b580-87f8f436e410,60e20f53-efcd-4197-9ee8-6c4e9344e9b7,HAS_CATEGORY,forward,1.0000,{},HERA.SALON.SERVICE.REL.CATEGORY.V1,DRAFT,0.0000,,{},{},{},t,2025-10-19 18:54:27.126+00,,2025-10-19 18:54:27.170117+00,2025-10-19 18:54:27.170117+00,bd955c9c-81ef-4c36-ae02-34fb79a1c5b3,bd955c9c-81ef-4c36-ae02-34fb79a1c5b3,1
daff27bf-db08-4ea4-b96a-b13678608227,378f24fb-d496-4ff7-8afa-ea34895a0eb8,8270ef88-a7d3-4d8b-b580-87f8f436e410,db115f39-55c9-42cb-8d0f-99c7c10f9f1b,AVAILABLE_AT,forward,1.0000,{},HERA.SALON.SERVICE.REL.LOCATION.V1,DRAFT,0.0000,,{},{},{},t,2025-10-19 18:54:28.95+00,,2025-10-19 18:54:28.992454+00,2025-10-19 18:54:28.992454+00,bd955c9c-81ef-4c36-ae02-34fb79a1c5b3,bd955c9c-81ef-4c36-ae02-34fb79a1c5b3,1
9f8ee6c8-e481-47cf-b408-2f9082a81146,378f24fb-d496-4ff7-8afa-ea34895a0eb8,9d0470ae-b08e-4811-be23-a23709a70363,db115f39-55c9-42cb-8d0f-99c7c10f9f1b,AVAILABLE_AT,forward,1.0000,{},HERA.SALON.SERVICE.REL.LOCATION.V1,DRAFT,0.0000,,{},{},{},t,2025-10-19 18:55:17.286+00,,2025-10-19 18:55:17.327575+00,2025-10-19 18:55:17.327575+00,bd955c9c-81ef-4c36-ae02-34fb79a1c5b3,bd955c9c-81ef-4c36-ae02-34fb79a1c5b3,1
23537828-5da1-417b-8a31-f0b3a74ed2a0,378f24fb-d496-4ff7-8afa-ea34895a0eb8,5282d243-1017-4727-9961-3039f892f729,f49a92eb-7e8c-4307-8c5e-926912c0b761,WORKS_AT,forward,1.0000,{},,DRAFT,0.0000,,{},{},{},t,2025-10-19 21:36:59.810023+00,,2025-10-19 21:36:59.810023+00,2025-10-19 21:36:59.810023+00,09b0b92a-d797-489e-bc03-5ca0a6272674,09b0b92a-d797-489e-bc03-5ca0a6272674,1
74ae20ec-1f2e-4e1b-aec5-778bbea1ad1f,378f24fb-d496-4ff7-8afa-ea34895a0eb8,0b467c1d-ee70-4295-a4f3-fcba07319f0f,5affa8ff-fad4-4599-adff-5699362f42f0,WORKS_AT,forward,1.0000,{},,DRAFT,0.0000,,{},{},{},t,2025-10-19 21:37:00.000404+00,,2025-10-19 21:37:00.000404+00,2025-10-19 21:37:00.000404+00,09b0b92a-d797-489e-bc03-5ca0a6272674,09b0b92a-d797-489e-bc03-5ca0a6272674,1
ef1fa3df-8819-45fb-b9ea-c374400af17f,378f24fb-d496-4ff7-8afa-ea34895a0eb8,12b61265-ae23-4202-9e2f-423f30216b53,6148fc74-bbeb-4c2c-8e39-6ee7a66b289c,RELATED_TO_ACCOUNT,forward,1.0000,{},,DRAFT,0.0000,,{},{},{},t,2025-10-19 21:37:00.140795+00,,2025-10-19 21:37:00.140795+00,2025-10-19 21:37:00.140795+00,09b0b92a-d797-489e-bc03-5ca0a6272674,09b0b92a-d797-489e-bc03-5ca0a6272674,1
fce0a3ab-5107-4fe6-8d27-934ac9ad0b16,378f24fb-d496-4ff7-8afa-ea34895a0eb8,0a041d3b-3fa3-472b-817f-6f31b2cec357,6148fc74-bbeb-4c2c-8e39-6ee7a66b289c,RELATED_TO_ACCOUNT,forward,1.0000,{},,DRAFT,0.0000,,{},{},{},t,2025-10-19 21:37:00.281093+00,,2025-10-19 21:37:00.281093+00,2025-10-19 21:37:00.281093+00,09b0b92a-d797-489e-bc03-5ca0a6272674,09b0b92a-d797-489e-bc03-5ca0a6272674,1
42f2433d-f224-4dbe-ac45-0ebbdfa8b880,378f24fb-d496-4ff7-8afa-ea34895a0eb8,076597e7-ed56-494e-b8fe-1afc3c1b8968,6148fc74-bbeb-4c2c-8e39-6ee7a66b289c,RELATED_TO_ACCOUNT,forward,1.0000,{},,DRAFT,0.0000,,{},{},{},t,2025-10-19 21:37:00.409606+00,,2025-10-19 21:37:00.409606+00,2025-10-19 21:37:00.409606+00,09b0b92a-d797-489e-bc03-5ca0a6272674,09b0b92a-d797-489e-bc03-5ca0a6272674,1
34faab19-7993-46f5-9d4a-72f8967ef29a,378f24fb-d496-4ff7-8afa-ea34895a0eb8,eee8b46c-189f-4aff-b693-8c4ecbd2c33c,fcdbcfaf-9ac1-4efb-8137-43d436554914,HAS_STATUS,forward,1.0000,{},,DRAFT,0.0000,,{},{},{},t,2025-10-19 21:37:00.508245+00,,2025-10-19 21:37:00.508245+00,2025-10-19 21:37:00.508245+00,09b0b92a-d797-489e-bc03-5ca0a6272674,09b0b92a-d797-489e-bc03-5ca0a6272674,1
00a26327-7080-4673-b598-78d57db77f40,378f24fb-d496-4ff7-8afa-ea34895a0eb8,12b61265-ae23-4202-9e2f-423f30216b53,d8188ed6-1276-4f03-819c-cb51ddef2e0e,HAS_STATUS,forward,1.0000,{},,DRAFT,0.0000,,{},{},{},t,2025-10-19 21:37:00.575359+00,,2025-10-19 21:37:00.575359+00,2025-10-19 21:37:00.575359+00,09b0b92a-d797-489e-bc03-5ca0a6272674,09b0b92a-d797-489e-bc03-5ca0a6272674,1
16ac88dd-08cd-4709-8708-a5b51bc4316c,378f24fb-d496-4ff7-8afa-ea34895a0eb8,66031235-4981-4d5b-a67b-6ebcdc09ef90,ee3228e6-07da-4380-a7fb-f926f5368c29,HAS_STATUS,forward,1.0000,{},HERA.UNIVERSAL.WORKFLOW.STATUS.ASSIGN.v1,DRAFT,0.0000,,{},{},{},t,2025-10-09 15:12:34.277531+00,,2025-10-09 15:12:34.277531+00,2025-10-09 15:12:34.277531+00,09b0b92a-d797-489e-bc03-5ca0a6272674,09b0b92a-d797-489e-bc03-5ca0a6272674,1
1e342d88-84a5-4ddc-908d-8b0e4f3383f2,378f24fb-d496-4ff7-8afa-ea34895a0eb8,86a21dde-2710-492c-a95f-85b0d8646e47,ee3228e6-07da-4380-a7fb-f926f5368c29,HAS_STATUS,forward,1.0000,{},HERA.UNIVERSAL.WORKFLOW.STATUS.ASSIGN.v1,DRAFT,0.0000,,{},{},{},t,2025-10-09 15:12:34.341707+00,,2025-10-09 15:12:34.341707+00,2025-10-09 15:12:34.341707+00,09b0b92a-d797-489e-bc03-5ca0a6272674,09b0b92a-d797-489e-bc03-5ca0a6272674,1
84b060f7-d36d-4543-b5e6-4d959da84a89,378f24fb-d496-4ff7-8afa-ea34895a0eb8,4af7fba1-6fb5-4c66-b015-2ec0936c6f34,4ca00219-f8c7-4bbc-a15f-dca546a2e756,IN_STAGE,forward,1.0000,{},,DRAFT,0.0000,,{},{},{},t,2025-10-19 21:37:00.646876+00,,2025-10-19 21:37:00.646876+00,2025-10-19 21:37:00.646876+00,09b0b92a-d797-489e-bc03-5ca0a6272674,09b0b92a-d797-489e-bc03-5ca0a6272674,1
2dd7da3e-016a-46e4-a66c-f7832fca1272,378f24fb-d496-4ff7-8afa-ea34895a0eb8,66b788c3-4ebd-4e4d-97bb-d95219f1aae8,ee3228e6-07da-4380-a7fb-f926f5368c29,HAS_STATUS,forward,1.0000,{},HERA.UNIVERSAL.WORKFLOW.STATUS.ASSIGN.v1,DRAFT,0.0000,,{},{},{},t,2025-10-09 15:12:34.414456+00,,2025-10-09 15:12:34.414456+00,2025-10-09 15:12:34.414456+00,09b0b92a-d797-489e-bc03-5ca0a6272674,09b0b92a-d797-489e-bc03-5ca0a6272674,1
f09aaff1-ba51-4b3b-a71f-b6b8ebd4bf82,378f24fb-d496-4ff7-8afa-ea34895a0eb8,cef4a81b-e338-4952-be68-205c5706aa94,ee3228e6-07da-4380-a7fb-f926f5368c29,HAS_STATUS,forward,1.0000,{},HERA.UNIVERSAL.WORKFLOW.STATUS.ASSIGN.v1,DRAFT,0.0000,,{},{},{},t,2025-10-09 15:12:34.481048+00,,2025-10-09 15:12:34.481048+00,2025-10-09 15:12:34.481048+00,09b0b92a-d797-489e-bc03-5ca0a6272674,09b0b92a-d797-489e-bc03-5ca0a6272674,1
d1ed63cb-e326-46eb-90de-f484ac126091,378f24fb-d496-4ff7-8afa-ea34895a0eb8,b1d28835-871f-470d-87ea-7458fe03a5d6,83f96b69-156f-4029-b636-638ad7b36c47,MEMBER_OF,forward,1.0000,{},HERA.SALON.STAFF.MEMBER.OF.BRANCH.V1,DRAFT,0.0000,,{},{},{},t,2025-10-10 06:15:46.402371+00,,2025-10-10 06:15:46.402371+00,2025-10-10 06:15:46.402371+00,09b0b92a-d797-489e-bc03-5ca0a6272674,09b0b92a-d797-489e-bc03-5ca0a6272674,1
15b29fc4-ad4a-4137-bbde-7538d13b928a,378f24fb-d496-4ff7-8afa-ea34895a0eb8,b1d28835-871f-470d-87ea-7458fe03a5d6,db115f39-55c9-42cb-8d0f-99c7c10f9f1b,MEMBER_OF,forward,1.0000,{},HERA.SALON.STAFF.MEMBER.OF.BRANCH.V1,DRAFT,0.0000,,{},{},{},t,2025-10-10 06:15:46.402371+00,,2025-10-10 06:15:46.402371+00,2025-10-10 06:15:46.402371+00,09b0b92a-d797-489e-bc03-5ca0a6272674,09b0b92a-d797-489e-bc03-5ca0a6272674,1
0152a847-74dd-4816-8698-e1a6d2ebcf97,378f24fb-d496-4ff7-8afa-ea34895a0eb8,e20ca737-c273-45ac-97b0-f40c07f4d441,83f96b69-156f-4029-b636-638ad7b36c47,STAFF_MEMBER_OF,forward,1.0000,{},HERA.SALON.STAFF.REL.MEMBER_OF.V1,DRAFT,0.0000,,{},{},{},t,2025-10-10 17:39:37.913528+00,,2025-10-10 17:39:37.913528+00,2025-10-10 17:39:37.913528+00,09b0b92a-d797-489e-bc03-5ca0a6272674,09b0b92a-d797-489e-bc03-5ca0a6272674,1
419190d3-9fb6-4778-b9dc-647865d78fb0,378f24fb-d496-4ff7-8afa-ea34895a0eb8,e20ca737-c273-45ac-97b0-f40c07f4d441,db115f39-55c9-42cb-8d0f-99c7c10f9f1b,STAFF_MEMBER_OF,forward,1.0000,{},HERA.SALON.STAFF.REL.MEMBER_OF.V1,DRAFT,0.0000,,{},{},{},t,2025-10-10 17:39:37.913528+00,,2025-10-10 17:39:37.913528+00,2025-10-10 17:39:37.913528+00,09b0b92a-d797-489e-bc03-5ca0a6272674,09b0b92a-d797-489e-bc03-5ca0a6272674,1
72bbeb64-0e6e-45a5-a916-2c59a4541e58,378f24fb-d496-4ff7-8afa-ea34895a0eb8,59e14240-b806-41a2-80be-5ebd2e6bd851,83f96b69-156f-4029-b636-638ad7b36c47,MEMBER_OF,forward,1.0000,{},HERA.SALON.STAFF.MEMBER.OF.BRANCH.V1,DRAFT,0.0000,,{},{},{},t,2025-10-10 06:15:46.402371+00,,2025-10-10 06:15:46.402371+00,2025-10-10 06:15:46.402371+00,09b0b92a-d797-489e-bc03-5ca0a6272674,09b0b92a-d797-489e-bc03-5ca0a6272674,1
b9f943eb-2384-4b13-a40b-944e700663cd,378f24fb-d496-4ff7-8afa-ea34895a0eb8,7c00b456-9cf7-495c-9f02-e4fb349b80c9,c0771739-ddb6-47fb-ae82-d34febedf098,MEMBER_OF,forward,1.0000,{},,DRAFT,0.0000,,{},{},{},t,2025-10-17 19:05:18.244807+00,,2025-10-17 19:05:18.244807+00,2025-10-17 19:05:18.244807+00,9f20b415-a16e-4a57-a310-9333a6be1828,9f20b415-a16e-4a57-a310-9333a6be1828,1
89f001e2-53c0-45ff-a7a1-dff8266d3d18,378f24fb-d496-4ff7-8afa-ea34895a0eb8,36973f7e-b538-4b6e-91bb-380c3da5bf3a,c0771739-ddb6-47fb-ae82-d34febedf098,MEMBER_OF,forward,1.0000,{},,DRAFT,0.0000,,{},{},{},t,2025-10-17 19:05:18.244807+00,,2025-10-17 19:05:18.244807+00,2025-10-17 19:05:18.244807+00,9f20b415-a16e-4a57-a310-9333a6be1828,9f20b415-a16e-4a57-a310-9333a6be1828,1
a732ef4e-411b-4f8f-b864-ee73ac62f431,378f24fb-d496-4ff7-8afa-ea34895a0eb8,f93d9015-6ae4-458c-919e-41f2a8bb80a7,c0771739-ddb6-47fb-ae82-d34febedf098,MEMBER_OF,forward,1.0000,{},,DRAFT,0.0000,,{},{},{},t,2025-10-17 19:05:18.244807+00,,2025-10-17 19:05:18.244807+00,2025-10-17 19:05:18.244807+00,9f20b415-a16e-4a57-a310-9333a6be1828,9f20b415-a16e-4a57-a310-9333a6be1828,1
016f2bae-ff18-4a04-b561-c827fdda54e1,378f24fb-d496-4ff7-8afa-ea34895a0eb8,d794e63a-2d70-4b65-b560-0df667de221e,378f24fb-d496-4ff7-8afa-ea34895a0eb8,USER_MEMBER_OF_ORG,forward,1.0000,"{""role"": ""owner"", ""granted_at"": ""2025-10-19T18:17:30.936Z"", ""permissions"": [""admin"", ""delete"", ""write"", ""read""]}",HERA.CORE.REL.USER_MEMBER_OF_ORG.V1,DRAFT,0.0000,,{},{},{},t,2025-10-19 18:17:30.959533+00,,2025-10-19 18:17:30.959533+00,2025-10-19 18:17:30.959533+00,d794e63a-2d70-4b65-b560-0df667de221e,d794e63a-2d70-4b65-b560-0df667de221e,1
690f4567-64ba-4019-8a6f-5eddc748d11e,378f24fb-d496-4ff7-8afa-ea34895a0eb8,1273be15-5889-4a2b-9351-1b6bb40d5867,6148fc74-bbeb-4c2c-8e39-6ee7a66b289c,WORKS_AT,forward,1.0000,{},,DRAFT,0.0000,,{},{},{},t,2025-10-19 21:36:59.915083+00,,2025-10-19 21:36:59.915083+00,2025-10-19 21:36:59.915083+00,09b0b92a-d797-489e-bc03-5ca0a6272674,09b0b92a-d797-489e-bc03-5ca0a6272674,1
e1118248-31b9-427e-a928-dc8480b0a6a7,378f24fb-d496-4ff7-8afa-ea34895a0eb8,0791d3ba-611a-417b-ae4c-d3f975d7bbf2,4f661805-9065-4d62-bdf2-c57dec3bf72c,STOCK_OF_PRODUCT,forward,1.0000,{},HERA.SALON.INV.REL.STOCKOFPRODUCT.V1,DRAFT,0.0000,,{},{},{},t,2025-10-17 09:28:50.416+00,,2025-10-17 09:28:50.439628+00,2025-10-17 09:28:50.439628+00,09b0b92a-d797-489e-bc03-5ca0a6272674,09b0b92a-d797-489e-bc03-5ca0a6272674,1
f461e0e0-f23d-45e5-aab2-56dfe1df2349,378f24fb-d496-4ff7-8afa-ea34895a0eb8,0791d3ba-611a-417b-ae4c-d3f975d7bbf2,db115f39-55c9-42cb-8d0f-99c7c10f9f1b,STOCK_AT_LOCATION,forward,1.0000,{},HERA.SALON.INV.REL.STOCKATLOCATION.V1,DRAFT,0.0000,,{},{},{},t,2025-10-17 09:28:51.394+00,,2025-10-17 09:28:51.412176+00,2025-10-17 09:28:51.412176+00,09b0b92a-d797-489e-bc03-5ca0a6272674,09b0b92a-d797-489e-bc03-5ca0a6272674,1
f2055b89-82a5-4e7a-9a0e-6d71513c49ac,378f24fb-d496-4ff7-8afa-ea34895a0eb8,83916ecb-19a7-44f7-be3b-27d23986bdbd,c0771739-ddb6-47fb-ae82-d34febedf098,MEMBER_OF,forward,1.0000,{},,DRAFT,0.0000,,{},{},{},t,2025-10-17 19:05:18.244807+00,,2025-10-17 19:05:18.244807+00,2025-10-17 19:05:18.244807+00,9f20b415-a16e-4a57-a310-9333a6be1828,9f20b415-a16e-4a57-a310-9333a6be1828,1
509336a0-a883-4e24-b203-f3e251e04940,378f24fb-d496-4ff7-8afa-ea34895a0eb8,09b0b92a-d797-489e-bc03-5ca0a6272674,c0771739-ddb6-47fb-ae82-d34febedf098,MEMBER_OF,forward,1.0000,{},,DRAFT,0.0000,,{},{},{},t,2025-10-17 19:05:18.244807+00,,2025-10-17 19:05:18.244807+00,2025-10-17 19:05:18.244807+00,9f20b415-a16e-4a57-a310-9333a6be1828,9f20b415-a16e-4a57-a310-9333a6be1828,1
3b22b830-ea48-4959-8c4e-ffe38845e367,378f24fb-d496-4ff7-8afa-ea34895a0eb8,4e37e841-f125-4241-9760-a6bda7f68eaf,c0771739-ddb6-47fb-ae82-d34febedf098,MEMBER_OF,forward,1.0000,{},,DRAFT,0.0000,,{},{},{},t,2025-10-17 19:05:18.244807+00,,2025-10-17 19:05:18.244807+00,2025-10-17 19:05:18.244807+00,9f20b415-a16e-4a57-a310-9333a6be1828,9f20b415-a16e-4a57-a310-9333a6be1828,1
2ce2e87a-90f9-4f2f-86ed-ae0eb42cccc2,378f24fb-d496-4ff7-8afa-ea34895a0eb8,0bb9d4e6-d8d6-4bcc-915c-c220b2f837a1,c0771739-ddb6-47fb-ae82-d34febedf098,MEMBER_OF,forward,1.0000,{},,DRAFT,0.0000,,{},{},{},t,2025-10-17 19:05:18.244807+00,,2025-10-17 19:05:18.244807+00,2025-10-17 19:05:18.244807+00,9f20b415-a16e-4a57-a310-9333a6be1828,9f20b415-a16e-4a57-a310-9333a6be1828,1
a2acd1fe-0856-4185-b37d-bc3c30b8bc03,378f24fb-d496-4ff7-8afa-ea34895a0eb8,9950560e-b802-4ce8-8e03-e61acba0d041,c0771739-ddb6-47fb-ae82-d34febedf098,MEMBER_OF,forward,1.0000,{},,DRAFT,0.0000,,{},{},{},t,2025-10-17 19:05:18.244807+00,,2025-10-17 19:05:18.244807+00,2025-10-17 19:05:18.244807+00,9f20b415-a16e-4a57-a310-9333a6be1828,9f20b415-a16e-4a57-a310-9333a6be1828,1
17cd24b5-ad90-443b-a5c8-203d4e943420,378f24fb-d496-4ff7-8afa-ea34895a0eb8,de956a38-aa30-44e5-b9e1-958aa1145f75,db115f39-55c9-42cb-8d0f-99c7c10f9f1b,AVAILABLE_AT,forward,1.0000,{},HERA.SALON.SERVICE.REL.LOCATION.V1,DRAFT,0.0000,,{},{},{},t,2025-10-18 14:20:47.088+00,,2025-10-18 14:20:47.123983+00,2025-10-18 14:20:47.123983+00,09b0b92a-d797-489e-bc03-5ca0a6272674,09b0b92a-d797-489e-bc03-5ca0a6272674,1
a3dbb61d-b2e5-4771-81de-c7d9be60575d,378f24fb-d496-4ff7-8afa-ea34895a0eb8,de956a38-aa30-44e5-b9e1-958aa1145f75,83f96b69-156f-4029-b636-638ad7b36c47,AVAILABLE_AT,forward,1.0000,{},HERA.SALON.SERVICE.REL.LOCATION.V1,DRAFT,0.0000,,{},{},{},t,2025-10-18 14:20:48.168+00,,2025-10-18 14:20:48.196091+00,2025-10-18 14:20:48.196091+00,09b0b92a-d797-489e-bc03-5ca0a6272674,09b0b92a-d797-489e-bc03-5ca0a6272674,1
0fc62905-faf9-4ec5-9086-02a23f2bc484,378f24fb-d496-4ff7-8afa-ea34895a0eb8,84813400-e66b-4c27-a000-4d94ed11eb74,ee3228e6-07da-4380-a7fb-f926f5368c29,HAS_STATUS,forward,1.0000,{},HERA.UNIVERSAL.WORKFLOW.STATUS.ASSIGN.v1,DRAFT,0.0000,,{},{},{},t,2025-10-09 15:12:34.559984+00,,2025-10-09 15:12:34.559984+00,2025-10-09 15:12:34.559984+00,09b0b92a-d797-489e-bc03-5ca0a6272674,09b0b92a-d797-489e-bc03-5ca0a6272674,1
0c65c7b8-d71f-4372-8fb6-537e082b335c,378f24fb-d496-4ff7-8afa-ea34895a0eb8,35c049c0-7aa1-4154-997a-a3f6261b24af,ee3228e6-07da-4380-a7fb-f926f5368c29,HAS_STATUS,forward,1.0000,{},HERA.UNIVERSAL.WORKFLOW.STATUS.ASSIGN.v1,DRAFT,0.0000,,{},{},{},t,2025-10-09 15:12:34.629063+00,,2025-10-09 15:12:34.629063+00,2025-10-09 15:12:34.629063+00,09b0b92a-d797-489e-bc03-5ca0a6272674,09b0b92a-d797-489e-bc03-5ca0a6272674,1
779e6b05-ae64-4dd0-8be8-08fb17fb5094,378f24fb-d496-4ff7-8afa-ea34895a0eb8,db6f5645-7886-4db6-8ee4-069e60daf399,ee3228e6-07da-4380-a7fb-f926f5368c29,HAS_STATUS,forward,1.0000,{},HERA.UNIVERSAL.WORKFLOW.STATUS.ASSIGN.v1,DRAFT,0.0000,,{},{},{},t,2025-10-09 15:12:34.687032+00,,2025-10-09 15:12:34.687032+00,2025-10-09 15:12:34.687032+00,09b0b92a-d797-489e-bc03-5ca0a6272674,09b0b92a-d797-489e-bc03-5ca0a6272674,1
77e84ec4-63c5-4f47-b35c-13b922c0cb0e,378f24fb-d496-4ff7-8afa-ea34895a0eb8,754110d7-01d5-45a2-a7f5-f364d7ccdb0e,ee3228e6-07da-4380-a7fb-f926f5368c29,HAS_STATUS,forward,1.0000,{},HERA.UNIVERSAL.WORKFLOW.STATUS.ASSIGN.v1,DRAFT,0.0000,,{},{},{},t,2025-10-09 15:12:34.745068+00,,2025-10-09 15:12:34.745068+00,2025-10-09 15:12:34.745068+00,09b0b92a-d797-489e-bc03-5ca0a6272674,09b0b92a-d797-489e-bc03-5ca0a6272674,1
066c15bb-ad0d-4501-8ac2-7c94d637be68,378f24fb-d496-4ff7-8afa-ea34895a0eb8,7a687bf8-207b-4107-a5f6-0c5448f80deb,ee3228e6-07da-4380-a7fb-f926f5368c29,HAS_STATUS,forward,1.0000,{},HERA.UNIVERSAL.WORKFLOW.STATUS.ASSIGN.v1,DRAFT,0.0000,,{},{},{},t,2025-10-09 15:12:34.808283+00,,2025-10-09 15:12:34.808283+00,2025-10-09 15:12:34.808283+00,09b0b92a-d797-489e-bc03-5ca0a6272674,09b0b92a-d797-489e-bc03-5ca0a6272674,1
aaba0f17-6a1a-47f0-a40c-22bc506f8d77,378f24fb-d496-4ff7-8afa-ea34895a0eb8,48089a0e-5199-4d82-b9ac-3a09b68a6864,378f24fb-d496-4ff7-8afa-ea34895a0eb8,USER_MEMBER_OF_ORG,forward,1.0000,"{""role"": ""admin"", ""created_at"": ""2025-10-09T15:59:23.651Z"", ""created_via"": ""final_working_solution"", ""permissions"": [""read"", ""write"", ""delete""], ""department_access"": [""all""]}",HERA.UNIVERSAL.MEMBERSHIP.USER.ORG.V1,ACTIVE,0.9500,,{},{},{},t,2025-10-09 15:59:23.657+00,,2025-10-09 15:59:23.692432+00,2025-10-09 15:59:23.692432+00,09b0b92a-d797-489e-bc03-5ca0a6272674,09b0b92a-d797-489e-bc03-5ca0a6272674,1
dd6996cd-15db-49dc-8074-b59cecc6f8aa,378f24fb-d496-4ff7-8afa-ea34895a0eb8,773fdce6-c8d6-4153-a976-ae8875e04939,b856dd46-6562-4e69-adb0-af652a2a9824,USER_HAS_ROLE,forward,1.0000,{},HERA.SEC.USER.REL.USER_HAS_ROLE.V1,DRAFT,0.0000,,{},{},{},t,2025-10-09 16:11:54.723024+00,,2025-10-09 16:09:11.099934+00,2025-10-09 16:11:54.723024+00,09b0b92a-d797-489e-bc03-5ca0a6272674,09b0b92a-d797-489e-bc03-5ca0a6272674,2
143c5714-24d0-4c62-93f1-1470b333ab9e,378f24fb-d496-4ff7-8afa-ea34895a0eb8,773fdce6-c8d6-4153-a976-ae8875e04939,c0771739-ddb6-47fb-ae82-d34febedf098,USER_MEMBER_OF_ORG,forward,1.0000,{},HERA.SEC.USER.REL.USER_MEMBER_OF_ORG.V1,DRAFT,0.0000,,{},{},{},t,2025-10-09 16:11:54.723024+00,,2025-10-09 16:11:54.723024+00,2025-10-09 16:11:54.723024+00,09b0b92a-d797-489e-bc03-5ca0a6272674,09b0b92a-d797-489e-bc03-5ca0a6272674,1
de37846c-e489-4a44-8ba4-70eebafece8e,378f24fb-d496-4ff7-8afa-ea34895a0eb8,98ef95f7-5d02-467e-b255-1d1b8aa662ae,ee3228e6-07da-4380-a7fb-f926f5368c29,HAS_STATUS,forward,1.0000,{},HERA.UNIVERSAL.WORKFLOW.STATUS.ASSIGN.v1,DRAFT,0.0000,,{},{},{},t,2025-10-09 16:54:49.748576+00,,2025-10-09 16:54:49.748576+00,2025-10-09 16:54:49.748576+00,09b0b92a-d797-489e-bc03-5ca0a6272674,09b0b92a-d797-489e-bc03-5ca0a6272674,1
eb7278d4-0d00-49a8-a61c-3a4bb1e7f0ed,378f24fb-d496-4ff7-8afa-ea34895a0eb8,5972b9ed-370f-4883-92d4-f2ef07f07ed4,ee3228e6-07da-4380-a7fb-f926f5368c29,HAS_STATUS,forward,1.0000,{},HERA.UNIVERSAL.WORKFLOW.STATUS.ASSIGN.v1,DRAFT,0.0000,,{},{},{},t,2025-10-09 16:54:49.981726+00,,2025-10-09 16:54:49.981726+00,2025-10-09 16:54:49.981726+00,09b0b92a-d797-489e-bc03-5ca0a6272674,09b0b92a-d797-489e-bc03-5ca0a6272674,1
d32676db-3292-4e6b-9988-de4523be58b3,378f24fb-d496-4ff7-8afa-ea34895a0eb8,c730985a-7017-49c1-8b61-fccc3f7c5bf5,ee3228e6-07da-4380-a7fb-f926f5368c29,HAS_STATUS,forward,1.0000,{},HERA.UNIVERSAL.WORKFLOW.STATUS.ASSIGN.v1,DRAFT,0.0000,,{},{},{},t,2025-10-09 16:54:50.043584+00,,2025-10-09 16:54:50.043584+00,2025-10-09 16:54:50.043584+00,09b0b92a-d797-489e-bc03-5ca0a6272674,09b0b92a-d797-489e-bc03-5ca0a6272674,1
8b6cec02-a0bb-4264-8f7c-798cd2958dbf,378f24fb-d496-4ff7-8afa-ea34895a0eb8,59e14240-b806-41a2-80be-5ebd2e6bd851,db115f39-55c9-42cb-8d0f-99c7c10f9f1b,MEMBER_OF,forward,1.0000,{},HERA.SALON.STAFF.MEMBER.OF.BRANCH.V1,DRAFT,0.0000,,{},{},{},t,2025-10-10 06:15:46.402371+00,,2025-10-10 06:15:46.402371+00,2025-10-10 06:15:46.402371+00,09b0b92a-d797-489e-bc03-5ca0a6272674,09b0b92a-d797-489e-bc03-5ca0a6272674,1
17ea4737-e144-4e1b-8e13-1a78553c3d69,378f24fb-d496-4ff7-8afa-ea34895a0eb8,5d8dfaf6-7514-4888-93c7-d855b82bf2b2,83f96b69-156f-4029-b636-638ad7b36c47,MEMBER_OF,forward,1.0000,{},HERA.SALON.STAFF.MEMBER.OF.BRANCH.V1,DRAFT,0.0000,,{},{},{},t,2025-10-10 06:15:46.402371+00,,2025-10-10 06:15:46.402371+00,2025-10-10 06:15:46.402371+00,09b0b92a-d797-489e-bc03-5ca0a6272674,09b0b92a-d797-489e-bc03-5ca0a6272674,1
bfddc523-11e6-4f4d-83a8-6befbb1a49ff,378f24fb-d496-4ff7-8afa-ea34895a0eb8,5d8dfaf6-7514-4888-93c7-d855b82bf2b2,db115f39-55c9-42cb-8d0f-99c7c10f9f1b,MEMBER_OF,forward,1.0000,{},HERA.SALON.STAFF.MEMBER.OF.BRANCH.V1,DRAFT,0.0000,,{},{},{},t,2025-10-10 06:15:46.402371+00,,2025-10-10 06:15:46.402371+00,2025-10-10 06:15:46.402371+00,09b0b92a-d797-489e-bc03-5ca0a6272674,09b0b92a-d797-489e-bc03-5ca0a6272674,1
abc4e653-6adb-4007-a625-783621cd806c,378f24fb-d496-4ff7-8afa-ea34895a0eb8,629a3c13-6644-43b5-9218-938cfb4fcc14,db115f39-55c9-42cb-8d0f-99c7c10f9f1b,AVAILABLE_AT,forward,1.0000,{},HERA.SALON.SERVICE.REL.AVAILABLE_AT.v1,DRAFT,0.0000,,{},{},{},t,2025-10-14 07:18:42.867179+00,,2025-10-14 07:18:42.867179+00,2025-10-14 07:18:42.867179+00,09b0b92a-d797-489e-bc03-5ca0a6272674,09b0b92a-d797-489e-bc03-5ca0a6272674,1
42205139-d15e-4cb1-8565-5400eb04b89f,378f24fb-d496-4ff7-8afa-ea34895a0eb8,7f42cb3e-16d0-4566-b454-4f5742f77b1a,ee3228e6-07da-4380-a7fb-f926f5368c29,HAS_STATUS,forward,1.0000,{},HERA.UNIVERSAL.WORKFLOW.STATUS.ASSIGN.v1,DRAFT,0.0000,,{},{},{},t,2025-10-09 16:54:50.61349+00,,2025-10-09 16:54:50.61349+00,2025-10-09 16:54:50.61349+00,09b0b92a-d797-489e-bc03-5ca0a6272674,09b0b92a-d797-489e-bc03-5ca0a6272674,1
461ffe52-5085-4925-89cd-e72052264bf2,378f24fb-d496-4ff7-8afa-ea34895a0eb8,7cf63f0d-dbee-4de6-8722-191c34f551cf,60e20f53-efcd-4197-9ee8-6c4e9344e9b7,HAS_CATEGORY,forward,1.0000,{},HERA.SALON.SERVICE.REL.HAS_CATEGORY.v1,DRAFT,0.0000,,{},{},{},t,2025-10-14 07:45:47.062556+00,,2025-10-14 07:45:47.062556+00,2025-10-14 07:45:47.062556+00,09b0b92a-d797-489e-bc03-5ca0a6272674,09b0b92a-d797-489e-bc03-5ca0a6272674,1
b63bcd2d-5325-4009-be55-32ad1ebbdc43,378f24fb-d496-4ff7-8afa-ea34895a0eb8,006c914c-37c0-4cb2-ad7d-d19f0a57cf1b,60e20f53-efcd-4197-9ee8-6c4e9344e9b7,HAS_CATEGORY,forward,1.0000,{},HERA.SALON.SERVICE.REL.CATEGORY.V1,DRAFT,0.0000,,{},{},{},t,2025-10-19 18:42:54.471+00,,2025-10-19 18:42:54.502631+00,2025-10-19 18:42:54.502631+00,09b0b92a-d797-489e-bc03-5ca0a6272674,09b0b92a-d797-489e-bc03-5ca0a6272674,1
e6b3b98b-378f-4ffe-9f10-1f95c3274cec,378f24fb-d496-4ff7-8afa-ea34895a0eb8,ffce4117-d7ce-4442-8ff6-d071b9d1df2d,8c19b0c3-89a7-4888-9f49-0e4bbd4f0b7c,HAS_CATEGORY,forward,1.0000,{},HERA.SALON.SERVICE.REL.HAS_CATEGORY.v1,DRAFT,0.0000,,{},{},{},t,2025-10-14 07:57:39.538773+00,,2025-10-14 07:57:39.538773+00,2025-10-14 07:57:39.538773+00,09b0b92a-d797-489e-bc03-5ca0a6272674,09b0b92a-d797-489e-bc03-5ca0a6272674,1
2f832230-bd5e-43e7-aecb-9632c8028a88,378f24fb-d496-4ff7-8afa-ea34895a0eb8,09a715c7-17b4-4316-99d5-e2a6bfb86c0a,83f96b69-156f-4029-b636-638ad7b36c47,AVAILABLE_AT,forward,1.0000,{},HERA.SALON.SERVICE.REL.AVAILABLE_AT.v1,DRAFT,0.0000,,{},{},{},t,2025-10-14 07:58:07.265355+00,,2025-10-14 07:58:07.265355+00,2025-10-14 07:58:07.265355+00,09b0b92a-d797-489e-bc03-5ca0a6272674,09b0b92a-d797-489e-bc03-5ca0a6272674,1
139cc610-68ed-4c57-9735-4ea7f558fdf9,378f24fb-d496-4ff7-8afa-ea34895a0eb8,09a715c7-17b4-4316-99d5-e2a6bfb86c0a,db115f39-55c9-42cb-8d0f-99c7c10f9f1b,AVAILABLE_AT,forward,1.0000,{},HERA.SALON.SERVICE.REL.AVAILABLE_AT.v1,DRAFT,0.0000,,{},{},{},t,2025-10-14 07:58:07.265355+00,,2025-10-14 07:58:07.265355+00,2025-10-14 07:58:07.265355+00,09b0b92a-d797-489e-bc03-5ca0a6272674,09b0b92a-d797-489e-bc03-5ca0a6272674,1
cf8202ad-04ad-4d1f-ac57-e3216119cd98,378f24fb-d496-4ff7-8afa-ea34895a0eb8,006c914c-37c0-4cb2-ad7d-d19f0a57cf1b,db115f39-55c9-42cb-8d0f-99c7c10f9f1b,AVAILABLE_AT,forward,1.0000,{},HERA.SALON.SERVICE.REL.LOCATION.V1,DRAFT,0.0000,,{},{},{},t,2025-10-19 18:42:55.275+00,,2025-10-19 18:42:55.312409+00,2025-10-19 18:42:55.312409+00,09b0b92a-d797-489e-bc03-5ca0a6272674,09b0b92a-d797-489e-bc03-5ca0a6272674,1
c6948fd4-4d60-4b7f-a06c-52c78b47bde4,378f24fb-d496-4ff7-8afa-ea34895a0eb8,006c914c-37c0-4cb2-ad7d-d19f0a57cf1b,83f96b69-156f-4029-b636-638ad7b36c47,AVAILABLE_AT,forward,1.0000,{},HERA.SALON.SERVICE.REL.LOCATION.V1,DRAFT,0.0000,,{},{},{},t,2025-10-19 18:42:56.043+00,,2025-10-19 18:42:56.078478+00,2025-10-19 18:42:56.078478+00,09b0b92a-d797-489e-bc03-5ca0a6272674,09b0b92a-d797-489e-bc03-5ca0a6272674,1
41d28e59-7604-4238-92ad-efc3f1518f31,378f24fb-d496-4ff7-8afa-ea34895a0eb8,562bd8a5-6e9b-4744-8dc1-5e841a380de2,60e20f53-efcd-4197-9ee8-6c4e9344e9b7,HAS_CATEGORY,forward,1.0000,{},HERA.SALON.SERVICE.REL.CATEGORY.V1,DRAFT,0.0000,,{},{},{},t,2025-10-19 18:48:45.753+00,,2025-10-19 18:48:45.815127+00,2025-10-19 18:48:45.815127+00,bd955c9c-81ef-4c36-ae02-34fb79a1c5b3,bd955c9c-81ef-4c36-ae02-34fb79a1c5b3,1
d0dab3a2-ff69-47fb-8ada-1022f0efb753,378f24fb-d496-4ff7-8afa-ea34895a0eb8,e3cce367-1dea-446c-b257-04690169099a,db115f39-55c9-42cb-8d0f-99c7c10f9f1b,AVAILABLE_AT,forward,1.0000,{},HERA.SALON.SERVICE.REL.LOCATION.V1,DRAFT,0.0000,,{},{},{},t,2025-10-19 18:50:00.442+00,,2025-10-19 18:50:00.476991+00,2025-10-19 18:50:00.476991+00,bd955c9c-81ef-4c36-ae02-34fb79a1c5b3,bd955c9c-81ef-4c36-ae02-34fb79a1c5b3,1
1e9cd5c8-cb7e-43bd-8599-7d60322df247,378f24fb-d496-4ff7-8afa-ea34895a0eb8,b834fb76-a8ed-4e48-b60e-7290833c60c1,db115f39-55c9-42cb-8d0f-99c7c10f9f1b,AVAILABLE_AT,forward,1.0000,{},HERA.SALON.SERVICE.REL.LOCATION.V1,DRAFT,0.0000,,{},{},{},t,2025-10-19 18:51:16.187+00,,2025-10-19 18:51:16.223569+00,2025-10-19 18:51:16.223569+00,bd955c9c-81ef-4c36-ae02-34fb79a1c5b3,bd955c9c-81ef-4c36-ae02-34fb79a1c5b3,1
37e1f309-91f8-42c6-abff-5052f4b3b966,378f24fb-d496-4ff7-8afa-ea34895a0eb8,de433549-bc59-4e06-ab12-55822d46492b,db115f39-55c9-42cb-8d0f-99c7c10f9f1b,AVAILABLE_AT,forward,1.0000,{},HERA.SALON.SERVICE.REL.LOCATION.V1,DRAFT,0.0000,,{},{},{},t,2025-10-19 18:52:22.478+00,,2025-10-19 18:52:22.509501+00,2025-10-19 18:52:22.509501+00,bd955c9c-81ef-4c36-ae02-34fb79a1c5b3,bd955c9c-81ef-4c36-ae02-34fb79a1c5b3,1
bcc74631-3945-4170-8fca-2f6d29a4cc33,378f24fb-d496-4ff7-8afa-ea34895a0eb8,b5fc250f-f9e3-4a4f-a69c-af44e44caf39,db115f39-55c9-42cb-8d0f-99c7c10f9f1b,STAFF_MEMBER_OF,forward,1.0000,{},HERA.SALON.STAFF.REL.MEMBER_OF.V1,DRAFT,0.0000,,{},{},{},t,2025-10-10 11:15:52.414092+00,,2025-10-10 11:15:52.414092+00,2025-10-10 11:15:52.414092+00,09b0b92a-d797-489e-bc03-5ca0a6272674,09b0b92a-d797-489e-bc03-5ca0a6272674,1
5d3da2d3-8308-498d-859d-dcaec420344d,378f24fb-d496-4ff7-8afa-ea34895a0eb8,fed52931-04eb-459f-9c5b-20f81f43b4ef,db115f39-55c9-42cb-8d0f-99c7c10f9f1b,AVAILABLE_AT,forward,1.0000,{},HERA.SALON.SERVICE.REL.LOCATION.V1,DRAFT,0.0000,,{},{},{},t,2025-10-19 18:53:04.08+00,,2025-10-19 18:53:04.113162+00,2025-10-19 18:53:04.113162+00,bd955c9c-81ef-4c36-ae02-34fb79a1c5b3,bd955c9c-81ef-4c36-ae02-34fb79a1c5b3,1
38b9ff1d-a47f-4ffa-befa-6ff5bacdd3da,378f24fb-d496-4ff7-8afa-ea34895a0eb8,e6dca0cd-7a68-467b-bebb-0a683f9aa437,9c6c009d-c190-467c-bb1b-5848db4fc0e3,STOCK_OF_PRODUCT,forward,1.0000,{},HERA.SALON.INV.REL.STOCKOFPRODUCT.V1,DRAFT,0.0000,,{},{},{},t,2025-10-17 09:33:37.913+00,,2025-10-17 09:33:37.941673+00,2025-10-17 09:33:37.941673+00,09b0b92a-d797-489e-bc03-5ca0a6272674,09b0b92a-d797-489e-bc03-5ca0a6272674,1
4b753055-d966-484f-b622-23bec9843742,378f24fb-d496-4ff7-8afa-ea34895a0eb8,b5fc250f-f9e3-4a4f-a69c-af44e44caf39,83f96b69-156f-4029-b636-638ad7b36c47,STAFF_MEMBER_OF,forward,1.0000,{},HERA.SALON.STAFF.REL.MEMBER_OF.V1,DRAFT,0.0000,,{},{},{},t,2025-10-10 11:15:52.414092+00,,2025-10-10 11:15:52.414092+00,2025-10-10 11:15:52.414092+00,09b0b92a-d797-489e-bc03-5ca0a6272674,09b0b92a-d797-489e-bc03-5ca0a6272674,1
5d463c67-45af-42db-8c35-e9bcffa6cfae,378f24fb-d496-4ff7-8afa-ea34895a0eb8,e6dca0cd-7a68-467b-bebb-0a683f9aa437,db115f39-55c9-42cb-8d0f-99c7c10f9f1b,STOCK_AT_LOCATION,forward,1.0000,{},HERA.SALON.INV.REL.STOCKATLOCATION.V1,DRAFT,0.0000,,{},{},{},t,2025-10-17 09:33:38.887+00,,2025-10-17 09:33:38.917507+00,2025-10-17 09:33:38.917507+00,09b0b92a-d797-489e-bc03-5ca0a6272674,09b0b92a-d797-489e-bc03-5ca0a6272674,1
e270ad5c-e58a-4d56-90f7-99c2c1bd0656,378f24fb-d496-4ff7-8afa-ea34895a0eb8,2e9b2289-89f5-4b1c-9d6f-db4add67bec3,60e20f53-efcd-4197-9ee8-6c4e9344e9b7,HAS_CATEGORY,forward,1.0000,{},HERA.SALON.SERVICE.REL.CATEGORY.V1,DRAFT,0.0000,,{},{},{},t,2025-10-19 18:53:45.081+00,,2025-10-19 18:53:45.118878+00,2025-10-19 18:53:45.118878+00,bd955c9c-81ef-4c36-ae02-34fb79a1c5b3,bd955c9c-81ef-4c36-ae02-34fb79a1c5b3,1
e95664f3-9f94-4037-8477-f90f850a496b,378f24fb-d496-4ff7-8afa-ea34895a0eb8,2e9b2289-89f5-4b1c-9d6f-db4add67bec3,83f96b69-156f-4029-b636-638ad7b36c47,AVAILABLE_AT,forward,1.0000,{},HERA.SALON.SERVICE.REL.LOCATION.V1,DRAFT,0.0000,,{},{},{},t,2025-10-19 18:53:47.044+00,,2025-10-19 18:53:47.080035+00,2025-10-19 18:53:47.080035+00,bd955c9c-81ef-4c36-ae02-34fb79a1c5b3,bd955c9c-81ef-4c36-ae02-34fb79a1c5b3,1
4444e548-bfc5-4898-89be-ee4a34fc9539,378f24fb-d496-4ff7-8afa-ea34895a0eb8,8270ef88-a7d3-4d8b-b580-87f8f436e410,83f96b69-156f-4029-b636-638ad7b36c47,AVAILABLE_AT,forward,1.0000,{},HERA.SALON.SERVICE.REL.LOCATION.V1,DRAFT,0.0000,,{},{},{},t,2025-10-19 18:54:28.049+00,,2025-10-19 18:54:28.082918+00,2025-10-19 18:54:28.082918+00,bd955c9c-81ef-4c36-ae02-34fb79a1c5b3,bd955c9c-81ef-4c36-ae02-34fb79a1c5b3,1
723f8585-09d1-4fd3-9f2f-bdceac4bca48,378f24fb-d496-4ff7-8afa-ea34895a0eb8,9d0470ae-b08e-4811-be23-a23709a70363,bcbda619-1664-47c2-86b4-00b2e7d0dd2c,HAS_CATEGORY,forward,1.0000,{},HERA.SALON.SERVICE.REL.CATEGORY.V1,DRAFT,0.0000,,{},{},{},t,2025-10-19 18:55:16.324+00,,2025-10-19 18:55:16.372909+00,2025-10-19 18:55:16.372909+00,bd955c9c-81ef-4c36-ae02-34fb79a1c5b3,bd955c9c-81ef-4c36-ae02-34fb79a1c5b3,1
490089b3-4708-4aa3-a36b-47dc95cce05e,378f24fb-d496-4ff7-8afa-ea34895a0eb8,9d0470ae-b08e-4811-be23-a23709a70363,83f96b69-156f-4029-b636-638ad7b36c47,AVAILABLE_AT,forward,1.0000,{},HERA.SALON.SERVICE.REL.LOCATION.V1,DRAFT,0.0000,,{},{},{},t,2025-10-19 18:55:18.261+00,,2025-10-19 18:55:18.308178+00,2025-10-19 18:55:18.308178+00,bd955c9c-81ef-4c36-ae02-34fb79a1c5b3,bd955c9c-81ef-4c36-ae02-34fb79a1c5b3,1
e5671ada-f88f-4914-8b50-570782e65e94,378f24fb-d496-4ff7-8afa-ea34895a0eb8,eee8b46c-189f-4aff-b693-8c4ecbd2c33c,f49a92eb-7e8c-4307-8c5e-926912c0b761,RELATED_TO_ACCOUNT,forward,1.0000,{},,DRAFT,0.0000,,{},{},{},t,2025-10-19 21:37:00.073257+00,,2025-10-19 21:37:00.073257+00,2025-10-19 21:37:00.073257+00,09b0b92a-d797-489e-bc03-5ca0a6272674,09b0b92a-d797-489e-bc03-5ca0a6272674,1
1a189344-b9b5-492d-b99a-d5264a2c54dc,378f24fb-d496-4ff7-8afa-ea34895a0eb8,4af7fba1-6fb5-4c66-b015-2ec0936c6f34,f49a92eb-7e8c-4307-8c5e-926912c0b761,RELATED_TO_ACCOUNT,forward,1.0000,{},,DRAFT,0.0000,,{},{},{},t,2025-10-19 21:37:00.208996+00,,2025-10-19 21:37:00.208996+00,2025-10-19 21:37:00.208996+00,09b0b92a-d797-489e-bc03-5ca0a6272674,09b0b92a-d797-489e-bc03-5ca0a6272674,1
e8051229-9825-4583-949c-f578ed3d19f1,378f24fb-d496-4ff7-8afa-ea34895a0eb8,de956a38-aa30-44e5-b9e1-958aa1145f75,bcbda619-1664-47c2-86b4-00b2e7d0dd2c,HAS_CATEGORY,forward,1.0000,{},HERA.SALON.SERVICE.REL.CATEGORY.V1,DRAFT,0.0000,,{},{},{},t,2025-10-18 14:21:58.868+00,,2025-10-18 14:21:58.89833+00,2025-10-18 14:21:58.89833+00,09b0b92a-d797-489e-bc03-5ca0a6272674,09b0b92a-d797-489e-bc03-5ca0a6272674,1
8a554a4f-dbbe-41c8-8e60-64c1683d0600,378f24fb-d496-4ff7-8afa-ea34895a0eb8,54bdbf45-8add-4b42-a0e2-77783bea80f5,f49a92eb-7e8c-4307-8c5e-926912c0b761,RELATED_TO_ACCOUNT,forward,1.0000,{},,DRAFT,0.0000,,{},{},{},t,2025-10-19 21:37:00.33991+00,,2025-10-19 21:37:00.33991+00,2025-10-19 21:37:00.33991+00,09b0b92a-d797-489e-bc03-5ca0a6272674,09b0b92a-d797-489e-bc03-5ca0a6272674,1
0c730b13-501c-470a-aa87-a5245a571478,378f24fb-d496-4ff7-8afa-ea34895a0eb8,629a3c13-6644-43b5-9218-938cfb4fcc14,83f96b69-156f-4029-b636-638ad7b36c47,AVAILABLE_AT,forward,1.0000,{},HERA.SALON.SERVICE.REL.AVAILABLE_AT.v1,DRAFT,0.0000,,{},{},{},t,2025-10-14 07:18:42.867179+00,,2025-10-14 07:18:42.867179+00,2025-10-14 07:18:42.867179+00,09b0b92a-d797-489e-bc03-5ca0a6272674,09b0b92a-d797-489e-bc03-5ca0a6272674,1
5fa0b87d-8f61-4c5b-919f-38736ecea3d3,378f24fb-d496-4ff7-8afa-ea34895a0eb8,e20ca737-c273-45ac-97b0-f40c07f4d441,83f96b69-156f-4029-b636-638ad7b36c47,MEMBER_OF,forward,1.0000,{},HERA.SALON.STAFF.MEMBER.OF.BRANCH.V1,DRAFT,0.0000,,{},{},{},t,2025-10-10 06:15:46.402371+00,,2025-10-10 06:15:46.402371+00,2025-10-10 06:15:46.402371+00,09b0b92a-d797-489e-bc03-5ca0a6272674,09b0b92a-d797-489e-bc03-5ca0a6272674,1
803a36f2-62bf-43f4-80c6-e7593e692f90,378f24fb-d496-4ff7-8afa-ea34895a0eb8,e20ca737-c273-45ac-97b0-f40c07f4d441,db115f39-55c9-42cb-8d0f-99c7c10f9f1b,MEMBER_OF,forward,1.0000,{},HERA.SALON.STAFF.MEMBER.OF.BRANCH.V1,DRAFT,0.0000,,{},{},{},t,2025-10-10 06:15:46.402371+00,,2025-10-10 06:15:46.402371+00,2025-10-10 06:15:46.402371+00,09b0b92a-d797-489e-bc03-5ca0a6272674,09b0b92a-d797-489e-bc03-5ca0a6272674,1
f00c08dc-4039-414e-b5fd-111419ce8c02,378f24fb-d496-4ff7-8afa-ea34895a0eb8,0427340a-ce72-4d90-bda2-91a981fd4902,83f96b69-156f-4029-b636-638ad7b36c47,AVAILABLE_AT,forward,1.0000,{},HERA.SALON.SERVICE.REL.AVAILABLE_AT.v1,DRAFT,0.0000,,{},{},{},t,2025-10-14 07:45:01.994438+00,,2025-10-14 07:45:01.994438+00,2025-10-14 07:45:01.994438+00,09b0b92a-d797-489e-bc03-5ca0a6272674,09b0b92a-d797-489e-bc03-5ca0a6272674,1
bfa86f72-1943-4cb3-bd57-b994949900e3,378f24fb-d496-4ff7-8afa-ea34895a0eb8,828f4ac8-6e88-4448-a823-bd477c3698a4,378f24fb-d496-4ff7-8afa-ea34895a0eb8,MEMBER_OF,forward,1.0000,{},HERA.PLATFORM.USER.REL.MEMBER_OF.v1,LIVE,0.0000,,{},{},{},t,2025-10-16 11:33:52.20688+00,,2025-10-16 11:33:52.20688+00,2025-10-16 11:33:52.20688+00,828f4ac8-6e88-4448-a823-bd477c3698a4,828f4ac8-6e88-4448-a823-bd477c3698a4,1
3dd6c1dd-a77a-4c32-a28e-8ba21182d0ab,378f24fb-d496-4ff7-8afa-ea34895a0eb8,f4bc572c-c2d7-42ee-927d-911711001067,378f24fb-d496-4ff7-8afa-ea34895a0eb8,MEMBER_OF,forward,1.0000,{},HERA.PLATFORM.USER.REL.MEMBER_OF.v1,LIVE,0.0000,,{},{},{},t,2025-10-16 11:33:52.20688+00,,2025-10-16 11:33:52.20688+00,2025-10-16 11:33:52.20688+00,f4bc572c-c2d7-42ee-927d-911711001067,f4bc572c-c2d7-42ee-927d-911711001067,1
9e8c7cf0-e07a-401b-b438-dd19c12184cb,378f24fb-d496-4ff7-8afa-ea34895a0eb8,9aeca244-e08a-43a3-a32e-9dfb057ff17b,378f24fb-d496-4ff7-8afa-ea34895a0eb8,MEMBER_OF,forward,1.0000,{},HERA.PLATFORM.USER.REL.MEMBER_OF.v1,LIVE,0.0000,,{},{},{},t,2025-10-16 11:33:52.20688+00,,2025-10-16 11:33:52.20688+00,2025-10-16 11:33:52.20688+00,9aeca244-e08a-43a3-a32e-9dfb057ff17b,9aeca244-e08a-43a3-a32e-9dfb057ff17b,1
00a6613f-9b47-4874-9dbd-912dbafa816c,378f24fb-d496-4ff7-8afa-ea34895a0eb8,8ee3a32f-3119-4c5f-80e1-5cb267902956,378f24fb-d496-4ff7-8afa-ea34895a0eb8,MEMBER_OF,forward,1.0000,{},HERA.PLATFORM.USER.REL.MEMBER_OF.v1,LIVE,0.0000,,{},{},{},t,2025-10-16 11:33:52.20688+00,,2025-10-16 11:33:52.20688+00,2025-10-16 11:33:52.20688+00,8ee3a32f-3119-4c5f-80e1-5cb267902956,8ee3a32f-3119-4c5f-80e1-5cb267902956,1
a6a56881-3d4f-4394-80ca-a359401a2fb0,378f24fb-d496-4ff7-8afa-ea34895a0eb8,ca6de5f5-0a65-4fdc-8f8b-5150583bf3f6,378f24fb-d496-4ff7-8afa-ea34895a0eb8,MEMBER_OF,forward,1.0000,{},HERA.PLATFORM.USER.REL.MEMBER_OF.v1,LIVE,0.0000,,{},{},{},t,2025-10-16 11:33:52.20688+00,,2025-10-16 11:33:52.20688+00,2025-10-16 11:33:52.20688+00,ca6de5f5-0a65-4fdc-8f8b-5150583bf3f6,ca6de5f5-0a65-4fdc-8f8b-5150583bf3f6,1
3946546b-e554-47f7-b9b5-03b5b315d228,378f24fb-d496-4ff7-8afa-ea34895a0eb8,ab87eeb9-027a-4032-8389-0928849a7679,378f24fb-d496-4ff7-8afa-ea34895a0eb8,MEMBER_OF,forward,1.0000,{},HERA.PLATFORM.USER.REL.MEMBER_OF.v1,LIVE,0.0000,,{},{},{},t,2025-10-16 11:33:52.20688+00,,2025-10-16 11:33:52.20688+00,2025-10-16 11:33:52.20688+00,ab87eeb9-027a-4032-8389-0928849a7679,ab87eeb9-027a-4032-8389-0928849a7679,1
d343e824-4d2d-40ed-9370-6096a63e1cd7,378f24fb-d496-4ff7-8afa-ea34895a0eb8,90209421-781f-495e-abc8-9ca441590c7e,378f24fb-d496-4ff7-8afa-ea34895a0eb8,MEMBER_OF,forward,1.0000,"{""role"": ""MEMBER"", ""permissions"": []}",HERA.CORE.USER.REL.MEMBER_OF.V1,DRAFT,0.0000,,{},{},{},t,2025-10-16 15:26:33.746477+00,,2025-10-16 15:26:33.746477+00,2025-10-16 15:26:33.746477+00,09b0b92a-d797-489e-bc03-5ca0a6272674,09b0b92a-d797-489e-bc03-5ca0a6272674,1
45ab86ff-09f0-4e2f-bc05-1583df382440,378f24fb-d496-4ff7-8afa-ea34895a0eb8,2a81e783-85a0-4c5d-a434-916d3f72594a,378f24fb-d496-4ff7-8afa-ea34895a0eb8,MEMBER_OF,forward,1.0000,"{""role"": ""OWNER"", ""permissions"": [""*""]}",HERA.CORE.USER.REL.MEMBER_OF.V1,DRAFT,0.0000,,{},{},{},t,2025-10-16 15:26:33.746477+00,,2025-10-16 15:26:33.746477+00,2025-10-16 16:14:05.63955+00,09b0b92a-d797-489e-bc03-5ca0a6272674,09b0b92a-d797-489e-bc03-5ca0a6272674,1
ffe93ae9-19b6-47f2-8799-76483e333df0,378f24fb-d496-4ff7-8afa-ea34895a0eb8,2300a665-6650-4f4c-8e85-c1a7e8f2973d,378f24fb-d496-4ff7-8afa-ea34895a0eb8,MEMBER_OF,forward,1.0000,{},HERA.PLATFORM.USER.REL.MEMBER_OF.v1,LIVE,0.0000,,{},{},{},t,2025-10-17 17:20:39.224456+00,,2025-10-17 17:20:39.224456+00,2025-10-17 17:20:39.224456+00,2300a665-6650-4f4c-8e85-c1a7e8f2973d,2300a665-6650-4f4c-8e85-c1a7e8f2973d,1
1beeaf9a-e34b-4c06-b270-6ba46f24202d,378f24fb-d496-4ff7-8afa-ea34895a0eb8,3ced4979-4c09-4e1e-8667-6707cfe6ec77,c0771739-ddb6-47fb-ae82-d34febedf098,MEMBER_OF,forward,1.0000,{},,DRAFT,0.0000,,{},{},{},t,2025-10-17 22:45:36.905266+00,,2025-10-17 22:45:36.905266+00,2025-10-17 22:45:36.905266+00,3ced4979-4c09-4e1e-8667-6707cfe6ec77,3ced4979-4c09-4e1e-8667-6707cfe6ec77,1
fa535af9-e62e-4281-85cf-a915ce84bffc,378f24fb-d496-4ff7-8afa-ea34895a0eb8,562bd8a5-6e9b-4744-8dc1-5e841a380de2,db115f39-55c9-42cb-8d0f-99c7c10f9f1b,AVAILABLE_AT,forward,1.0000,{},HERA.SALON.SERVICE.REL.LOCATION.V1,DRAFT,0.0000,,{},{},{},t,2025-10-19 18:48:46.661+00,,2025-10-19 18:48:46.699501+00,2025-10-19 18:48:46.699501+00,bd955c9c-81ef-4c36-ae02-34fb79a1c5b3,bd955c9c-81ef-4c36-ae02-34fb79a1c5b3,1
83799310-c12d-46cd-aaa2-ce3b8f5f368e,378f24fb-d496-4ff7-8afa-ea34895a0eb8,d794e63a-2d70-4b65-b560-0df667de221e,378f24fb-d496-4ff7-8afa-ea34895a0eb8,MEMBER_OF,forward,1.0000,"{""role"": ""Receptionist""}",,DRAFT,0.0000,,{},{},{},t,2025-10-19 18:23:05.304487+00,,2025-10-19 18:23:05.304487+00,2025-10-19 18:23:59.298+00,d794e63a-2d70-4b65-b560-0df667de221e,d794e63a-2d70-4b65-b560-0df667de221e,1
8bb0eb6f-847d-43f3-b3c2-22f5b186c136,378f24fb-d496-4ff7-8afa-ea34895a0eb8,56f4912f-90f4-448e-948a-10e7c85843d0,60e20f53-efcd-4197-9ee8-6c4e9344e9b7,HAS_CATEGORY,forward,1.0000,{},HERA.SALON.SERVICE.REL.CATEGORY.V1,DRAFT,0.0000,,{},{},{},t,2025-10-19 18:47:46.408+00,,2025-10-19 18:47:46.444442+00,2025-10-19 18:47:46.444442+00,bd955c9c-81ef-4c36-ae02-34fb79a1c5b3,bd955c9c-81ef-4c36-ae02-34fb79a1c5b3,1
de945406-c186-4a30-ad95-4e8bd553307d,378f24fb-d496-4ff7-8afa-ea34895a0eb8,e3cce367-1dea-446c-b257-04690169099a,83f96b69-156f-4029-b636-638ad7b36c47,AVAILABLE_AT,forward,1.0000,{},HERA.SALON.SERVICE.REL.LOCATION.V1,DRAFT,0.0000,,{},{},{},t,2025-10-19 18:50:01.356+00,,2025-10-19 18:50:01.389167+00,2025-10-19 18:50:01.389167+00,bd955c9c-81ef-4c36-ae02-34fb79a1c5b3,bd955c9c-81ef-4c36-ae02-34fb79a1c5b3,1
9fc36e2f-de7a-4246-a0b8-144c06dd231d,378f24fb-d496-4ff7-8afa-ea34895a0eb8,b834fb76-a8ed-4e48-b60e-7290833c60c1,83f96b69-156f-4029-b636-638ad7b36c47,AVAILABLE_AT,forward,1.0000,{},HERA.SALON.SERVICE.REL.LOCATION.V1,DRAFT,0.0000,,{},{},{},t,2025-10-19 18:51:17.11+00,,2025-10-19 18:51:17.148097+00,2025-10-19 18:51:17.148097+00,bd955c9c-81ef-4c36-ae02-34fb79a1c5b3,bd955c9c-81ef-4c36-ae02-34fb79a1c5b3,1
1b21b31d-37ac-42dc-b1f8-7496320c0c05,378f24fb-d496-4ff7-8afa-ea34895a0eb8,de433549-bc59-4e06-ab12-55822d46492b,83f96b69-156f-4029-b636-638ad7b36c47,AVAILABLE_AT,forward,1.0000,{},HERA.SALON.SERVICE.REL.LOCATION.V1,DRAFT,0.0000,,{},{},{},t,2025-10-19 18:52:23.349+00,,2025-10-19 18:52:23.380014+00,2025-10-19 18:52:23.380014+00,bd955c9c-81ef-4c36-ae02-34fb79a1c5b3,bd955c9c-81ef-4c36-ae02-34fb79a1c5b3,1
d53d8cd9-3e2a-4fdf-9dca-62cfaea9ac12,378f24fb-d496-4ff7-8afa-ea34895a0eb8,bab4083e-47b8-4223-a5a1-32c74d36dc2e,ee3228e6-07da-4380-a7fb-f926f5368c29,HAS_STATUS,forward,1.0000,{},HERA.UNIVERSAL.WORKFLOW.STATUS.ASSIGN.v1,DRAFT,0.0000,,{},{},{},t,2025-10-09 15:12:33.61229+00,,2025-10-09 15:12:33.61229+00,2025-10-09 15:12:33.61229+00,09b0b92a-d797-489e-bc03-5ca0a6272674,09b0b92a-d797-489e-bc03-5ca0a6272674,1
c477d5fc-0cdf-419c-9e9c-1bde5935639f,378f24fb-d496-4ff7-8afa-ea34895a0eb8,809040dd-61e0-4985-b937-20fe991a3837,ee3228e6-07da-4380-a7fb-f926f5368c29,HAS_STATUS,forward,1.0000,{},HERA.UNIVERSAL.WORKFLOW.STATUS.ASSIGN.v1,DRAFT,0.0000,,{},{},{},t,2025-10-09 15:12:33.722086+00,,2025-10-09 15:12:33.722086+00,2025-10-09 15:12:33.722086+00,09b0b92a-d797-489e-bc03-5ca0a6272674,09b0b92a-d797-489e-bc03-5ca0a6272674,1
4270ed8d-a323-4005-b37a-9b930de7d929,378f24fb-d496-4ff7-8afa-ea34895a0eb8,ecafc36f-c53d-46d5-8389-b6ec11b3e5b8,ee3228e6-07da-4380-a7fb-f926f5368c29,HAS_STATUS,forward,1.0000,{},HERA.UNIVERSAL.WORKFLOW.STATUS.ASSIGN.v1,DRAFT,0.0000,,{},{},{},t,2025-10-09 15:12:33.811672+00,,2025-10-09 15:12:33.811672+00,2025-10-09 15:12:33.811672+00,09b0b92a-d797-489e-bc03-5ca0a6272674,09b0b92a-d797-489e-bc03-5ca0a6272674,1
6bd2f68a-e261-490a-bc78-65666b49bbae,378f24fb-d496-4ff7-8afa-ea34895a0eb8,4f8c5cdd-2b92-44eb-b72a-4827cd94f0a6,ee3228e6-07da-4380-a7fb-f926f5368c29,HAS_STATUS,forward,1.0000,{},HERA.UNIVERSAL.WORKFLOW.STATUS.ASSIGN.v1,DRAFT,0.0000,,{},{},{},t,2025-10-09 15:12:33.887265+00,,2025-10-09 15:12:33.887265+00,2025-10-09 15:12:33.887265+00,09b0b92a-d797-489e-bc03-5ca0a6272674,09b0b92a-d797-489e-bc03-5ca0a6272674,1
45cbcece-ff28-4a49-821d-fb53caddc220,378f24fb-d496-4ff7-8afa-ea34895a0eb8,ad4f7a8e-eab9-4da2-a321-def80791eddb,ee3228e6-07da-4380-a7fb-f926f5368c29,HAS_STATUS,forward,1.0000,{},HERA.UNIVERSAL.WORKFLOW.STATUS.ASSIGN.v1,DRAFT,0.0000,,{},{},{},t,2025-10-09 15:12:34.002287+00,,2025-10-09 15:12:34.002287+00,2025-10-09 15:12:34.002287+00,09b0b92a-d797-489e-bc03-5ca0a6272674,09b0b92a-d797-489e-bc03-5ca0a6272674,1
23045de3-65b2-489b-921a-df453e8731d1,378f24fb-d496-4ff7-8afa-ea34895a0eb8,08cdfbd2-7012-492c-b9e5-89a0bc4ee8f9,ee3228e6-07da-4380-a7fb-f926f5368c29,HAS_STATUS,forward,1.0000,{},HERA.UNIVERSAL.WORKFLOW.STATUS.ASSIGN.v1,DRAFT,0.0000,,{},{},{},t,2025-10-09 15:12:34.192827+00,,2025-10-09 15:12:34.192827+00,2025-10-09 15:12:34.192827+00,09b0b92a-d797-489e-bc03-5ca0a6272674,09b0b92a-d797-489e-bc03-5ca0a6272674,1
df0fab83-3542-45fe-88d8-00f6d2f76b88,378f24fb-d496-4ff7-8afa-ea34895a0eb8,5ea6c644-1c7a-4e60-8594-aa26c9c75215,db115f39-55c9-42cb-8d0f-99c7c10f9f1b,STOCK_AT,forward,1.0000,{},HERA.SALON.PRODUCT.STOCK.AT.BRANCH.V1,DRAFT,0.0000,,{},{},{},t,2025-10-10 06:16:59.474398+00,,2025-10-10 06:16:59.474398+00,2025-10-10 06:16:59.474398+00,09b0b92a-d797-489e-bc03-5ca0a6272674,09b0b92a-d797-489e-bc03-5ca0a6272674,1
b782bc05-fcb9-48e4-bd25-2e58434b7af7,378f24fb-d496-4ff7-8afa-ea34895a0eb8,d1590d75-7efd-449c-b484-08ed92aa90cf,83f96b69-156f-4029-b636-638ad7b36c47,STOCK_AT,forward,1.0000,{},HERA.SALON.PRODUCT.STOCK.AT.BRANCH.V1,DRAFT,0.0000,,{},{},{},t,2025-10-10 06:16:59.474398+00,,2025-10-10 06:16:59.474398+00,2025-10-10 06:16:59.474398+00,09b0b92a-d797-489e-bc03-5ca0a6272674,09b0b92a-d797-489e-bc03-5ca0a6272674,1
fcf805cf-b7ee-4c75-8ba3-4fdddb1d76f1,378f24fb-d496-4ff7-8afa-ea34895a0eb8,d1590d75-7efd-449c-b484-08ed92aa90cf,db115f39-55c9-42cb-8d0f-99c7c10f9f1b,STOCK_AT,forward,1.0000,{},HERA.SALON.PRODUCT.STOCK.AT.BRANCH.V1,DRAFT,0.0000,,{},{},{},t,2025-10-10 06:16:59.474398+00,,2025-10-10 06:16:59.474398+00,2025-10-10 06:16:59.474398+00,09b0b92a-d797-489e-bc03-5ca0a6272674,09b0b92a-d797-489e-bc03-5ca0a6272674,1
b6969154-e064-46f5-92c2-bcd0d91e59f1,378f24fb-d496-4ff7-8afa-ea34895a0eb8,48e80e6d-50bb-4591-bb5c-18b90cb89b47,83f96b69-156f-4029-b636-638ad7b36c47,STOCK_AT,forward,1.0000,{},HERA.SALON.PRODUCT.STOCK.AT.BRANCH.V1,DRAFT,0.0000,,{},{},{},t,2025-10-10 06:16:59.474398+00,,2025-10-10 06:16:59.474398+00,2025-10-10 06:16:59.474398+00,09b0b92a-d797-489e-bc03-5ca0a6272674,09b0b92a-d797-489e-bc03-5ca0a6272674,1
3c0b1c5d-2451-42a5-bcca-9d5f4ac20bba,378f24fb-d496-4ff7-8afa-ea34895a0eb8,a7e03c2f-3f2d-4cbc-aa8e-9a009a123704,83f96b69-156f-4029-b636-638ad7b36c47,STOCK_AT,forward,1.0000,{},HERA.SALON.PRODUCT.REL.LOCATION.V1,DRAFT,0.0000,,{},{},{},t,2025-10-18 18:21:21.449+00,,2025-10-18 13:12:02.054514+00,2025-10-18 18:21:21.610563+00,09b0b92a-d797-489e-bc03-5ca0a6272674,09b0b92a-d797-489e-bc03-5ca0a6272674,6
5fea47d1-c078-4fa1-8778-9decb8fbe08c,378f24fb-d496-4ff7-8afa-ea34895a0eb8,a7e03c2f-3f2d-4cbc-aa8e-9a009a123704,db115f39-55c9-42cb-8d0f-99c7c10f9f1b,STOCK_AT,forward,1.0000,{},HERA.SALON.PRODUCT.REL.LOCATION.V1,DRAFT,0.0000,,{},{},{},t,2025-10-18 18:21:22.513+00,,2025-10-18 13:12:01.093744+00,2025-10-18 18:21:22.693134+00,09b0b92a-d797-489e-bc03-5ca0a6272674,09b0b92a-d797-489e-bc03-5ca0a6272674,6
88467a3c-2eb6-4f78-9ab2-83615b7d360c,378f24fb-d496-4ff7-8afa-ea34895a0eb8,3561ba56-ce9a-474e-b9ee-1e01cf5f31fa,60e20f53-efcd-4197-9ee8-6c4e9344e9b7,HAS_CATEGORY,forward,1.0000,{},HERA.SALON.SERVICE.REL.HAS_CATEGORY.v1,DRAFT,0.0000,,{},{},{},t,2025-10-14 07:57:26.096236+00,,2025-10-14 07:57:26.096236+00,2025-10-14 07:57:26.096236+00,09b0b92a-d797-489e-bc03-5ca0a6272674,09b0b92a-d797-489e-bc03-5ca0a6272674,1
c54d8f10-4539-4192-88ac-62c0cc09a2a3,378f24fb-d496-4ff7-8afa-ea34895a0eb8,ffce4117-d7ce-4442-8ff6-d071b9d1df2d,83f96b69-156f-4029-b636-638ad7b36c47,AVAILABLE_AT,forward,1.0000,{},HERA.SALON.SERVICE.REL.AVAILABLE_AT.v1,DRAFT,0.0000,,{},{},{},t,2025-10-14 07:57:40.135742+00,,2025-10-14 07:57:40.135742+00,2025-10-14 07:57:40.135742+00,09b0b92a-d797-489e-bc03-5ca0a6272674,09b0b92a-d797-489e-bc03-5ca0a6272674,1
af8d5468-2cce-405b-b118-34d11609603b,378f24fb-d496-4ff7-8afa-ea34895a0eb8,ffce4117-d7ce-4442-8ff6-d071b9d1df2d,db115f39-55c9-42cb-8d0f-99c7c10f9f1b,AVAILABLE_AT,forward,1.0000,{},HERA.SALON.SERVICE.REL.AVAILABLE_AT.v1,DRAFT,0.0000,,{},{},{},t,2025-10-14 07:57:40.135742+00,,2025-10-14 07:57:40.135742+00,2025-10-14 07:57:40.135742+00,09b0b92a-d797-489e-bc03-5ca0a6272674,09b0b92a-d797-489e-bc03-5ca0a6272674,1
611bb8c4-8713-49a2-8eb8-8648cdd85c26,378f24fb-d496-4ff7-8afa-ea34895a0eb8,b5fc250f-f9e3-4a4f-a69c-af44e44caf39,83f96b69-156f-4029-b636-638ad7b36c47,MEMBER_OF,forward,1.0000,{},HERA.SALON.STAFF.MEMBER.OF.BRANCH.V1,DRAFT,0.0000,,{},{},{},t,2025-10-10 06:15:46.402371+00,,2025-10-10 06:15:46.402371+00,2025-10-10 06:15:46.402371+00,09b0b92a-d797-489e-bc03-5ca0a6272674,09b0b92a-d797-489e-bc03-5ca0a6272674,1
a8ea3b71-a9f4-4b6a-b105-876bfdf82ed1,378f24fb-d496-4ff7-8afa-ea34895a0eb8,b5fc250f-f9e3-4a4f-a69c-af44e44caf39,db115f39-55c9-42cb-8d0f-99c7c10f9f1b,MEMBER_OF,forward,1.0000,{},HERA.SALON.STAFF.MEMBER.OF.BRANCH.V1,DRAFT,0.0000,,{},{},{},t,2025-10-10 06:15:46.402371+00,,2025-10-10 06:15:46.402371+00,2025-10-10 06:15:46.402371+00,09b0b92a-d797-489e-bc03-5ca0a6272674,09b0b92a-d797-489e-bc03-5ca0a6272674,1
e6845a33-a1d8-4dc0-b1fa-17287c5e0a4e,378f24fb-d496-4ff7-8afa-ea34895a0eb8,4b351833-f817-4249-a316-2573235898ef,83f96b69-156f-4029-b636-638ad7b36c47,AVAILABLE_AT,forward,1.0000,{},HERA.SALON.SERVICE.REL.AVAILABLE_AT.v1,DRAFT,0.0000,,{},{},{},t,2025-10-14 07:58:49.699076+00,,2025-10-14 07:58:49.699076+00,2025-10-14 07:58:49.699076+00,09b0b92a-d797-489e-bc03-5ca0a6272674,09b0b92a-d797-489e-bc03-5ca0a6272674,1
360ea787-cc29-41a9-9ca3-c06ff91d6eb3,378f24fb-d496-4ff7-8afa-ea34895a0eb8,4b351833-f817-4249-a316-2573235898ef,db115f39-55c9-42cb-8d0f-99c7c10f9f1b,AVAILABLE_AT,forward,1.0000,{},HERA.SALON.SERVICE.REL.AVAILABLE_AT.v1,DRAFT,0.0000,,{},{},{},t,2025-10-14 07:58:49.699076+00,,2025-10-14 07:58:49.699076+00,2025-10-14 07:58:49.699076+00,09b0b92a-d797-489e-bc03-5ca0a6272674,09b0b92a-d797-489e-bc03-5ca0a6272674,1
ee41e971-7a90-48f8-bb92-6a2b04273644,378f24fb-d496-4ff7-8afa-ea34895a0eb8,5b66f153-3949-4d02-8afa-0de425ca799e,83f96b69-156f-4029-b636-638ad7b36c47,STOCK_AT,forward,1.0000,{},HERA.SALON.PRODUCT.STOCK.AT.BRANCH.V1,DRAFT,0.0000,,{},{},{},t,2025-10-10 06:16:59.474398+00,,2025-10-10 06:16:59.474398+00,2025-10-10 06:16:59.474398+00,09b0b92a-d797-489e-bc03-5ca0a6272674,09b0b92a-d797-489e-bc03-5ca0a6272674,1
cf19dd45-88ee-446a-b821-2e890ed7d02d,378f24fb-d496-4ff7-8afa-ea34895a0eb8,5b66f153-3949-4d02-8afa-0de425ca799e,db115f39-55c9-42cb-8d0f-99c7c10f9f1b,STOCK_AT,forward,1.0000,{},HERA.SALON.PRODUCT.STOCK.AT.BRANCH.V1,DRAFT,0.0000,,{},{},{},t,2025-10-10 06:16:59.474398+00,,2025-10-10 06:16:59.474398+00,2025-10-10 06:16:59.474398+00,09b0b92a-d797-489e-bc03-5ca0a6272674,09b0b92a-d797-489e-bc03-5ca0a6272674,1
bb332b33-6a5c-4872-94d4-f04d299b5639,378f24fb-d496-4ff7-8afa-ea34895a0eb8,5ea6c644-1c7a-4e60-8594-aa26c9c75215,83f96b69-156f-4029-b636-638ad7b36c47,STOCK_AT,forward,1.0000,{},HERA.SALON.PRODUCT.STOCK.AT.BRANCH.V1,DRAFT,0.0000,,{},{},{},t,2025-10-10 06:16:59.474398+00,,2025-10-10 06:16:59.474398+00,2025-10-10 06:16:59.474398+00,09b0b92a-d797-489e-bc03-5ca0a6272674,09b0b92a-d797-489e-bc03-5ca0a6272674,1
03c0671d-0bf8-4214-92a6-f8dd4723f9ba,378f24fb-d496-4ff7-8afa-ea34895a0eb8,57fd2a09-09b8-4e8e-80b6-c32c013f07e4,ee3228e6-07da-4380-a7fb-f926f5368c29,HAS_STATUS,forward,1.0000,{},HERA.UNIVERSAL.WORKFLOW.STATUS.ASSIGN.v1,DRAFT,0.0000,,{},{},{},t,2025-10-09 16:54:50.366312+00,,2025-10-09 16:54:50.366312+00,2025-10-09 16:54:50.366312+00,09b0b92a-d797-489e-bc03-5ca0a6272674,09b0b92a-d797-489e-bc03-5ca0a6272674,1
c6ea884d-012e-400e-9c1c-ae54c70397fa,378f24fb-d496-4ff7-8afa-ea34895a0eb8,13c73c68-70fc-4062-9703-b7fb51b6ea08,ee3228e6-07da-4380-a7fb-f926f5368c29,HAS_STATUS,forward,1.0000,{},HERA.UNIVERSAL.WORKFLOW.STATUS.ASSIGN.v1,DRAFT,0.0000,,{},{},{},t,2025-10-09 16:54:50.913958+00,,2025-10-09 16:54:50.913958+00,2025-10-09 16:54:50.913958+00,09b0b92a-d797-489e-bc03-5ca0a6272674,09b0b92a-d797-489e-bc03-5ca0a6272674,1
3b7c4e13-87d2-472c-a692-552c7c32fa83,378f24fb-d496-4ff7-8afa-ea34895a0eb8,87a86061-a40f-4afe-8ae1-53483a851a98,83f96b69-156f-4029-b636-638ad7b36c47,AVAILABLE_AT,forward,1.0000,{},HERA.SALON.SERVICE.AVAILABLE.AT.BRANCH.V1,DRAFT,0.0000,,{},{},{},t,2025-10-10 06:16:59.474398+00,,2025-10-10 06:16:59.474398+00,2025-10-10 06:16:59.474398+00,09b0b92a-d797-489e-bc03-5ca0a6272674,09b0b92a-d797-489e-bc03-5ca0a6272674,1
5b3ffef6-291a-4eb2-99d1-c2b9f3fa66b2,378f24fb-d496-4ff7-8afa-ea34895a0eb8,87a86061-a40f-4afe-8ae1-53483a851a98,db115f39-55c9-42cb-8d0f-99c7c10f9f1b,AVAILABLE_AT,forward,1.0000,{},HERA.SALON.SERVICE.AVAILABLE.AT.BRANCH.V1,DRAFT,0.0000,,{},{},{},t,2025-10-10 06:16:59.474398+00,,2025-10-10 06:16:59.474398+00,2025-10-10 06:16:59.474398+00,09b0b92a-d797-489e-bc03-5ca0a6272674,09b0b92a-d797-489e-bc03-5ca0a6272674,1
98243044-389d-4c03-867e-aa90ce1318f8,378f24fb-d496-4ff7-8afa-ea34895a0eb8,3eb3ad92-3726-48e1-913a-17c3b492f5df,83f96b69-156f-4029-b636-638ad7b36c47,AVAILABLE_AT,forward,1.0000,{},HERA.SALON.SERVICE.AVAILABLE.AT.BRANCH.V1,DRAFT,0.0000,,{},{},{},t,2025-10-10 06:16:59.474398+00,,2025-10-10 06:16:59.474398+00,2025-10-10 06:16:59.474398+00,09b0b92a-d797-489e-bc03-5ca0a6272674,09b0b92a-d797-489e-bc03-5ca0a6272674,1
2186dbb2-ec99-4f3f-9c08-23490b48c143,378f24fb-d496-4ff7-8afa-ea34895a0eb8,3eb3ad92-3726-48e1-913a-17c3b492f5df,db115f39-55c9-42cb-8d0f-99c7c10f9f1b,AVAILABLE_AT,forward,1.0000,{},HERA.SALON.SERVICE.AVAILABLE.AT.BRANCH.V1,DRAFT,0.0000,,{},{},{},t,2025-10-10 06:16:59.474398+00,,2025-10-10 06:16:59.474398+00,2025-10-10 06:16:59.474398+00,09b0b92a-d797-489e-bc03-5ca0a6272674,09b0b92a-d797-489e-bc03-5ca0a6272674,1
8f51561a-3beb-4c13-bffa-862d98676c4b,378f24fb-d496-4ff7-8afa-ea34895a0eb8,fd070901-cd40-4259-ae64-2e1bee0e54c7,83f96b69-156f-4029-b636-638ad7b36c47,AVAILABLE_AT,forward,1.0000,{},HERA.SALON.SERVICE.AVAILABLE.AT.BRANCH.V1,DRAFT,0.0000,,{},{},{},t,2025-10-10 06:16:59.474398+00,,2025-10-10 06:16:59.474398+00,2025-10-10 06:16:59.474398+00,09b0b92a-d797-489e-bc03-5ca0a6272674,09b0b92a-d797-489e-bc03-5ca0a6272674,1
e683253a-1196-4362-ba78-6180f971459a,378f24fb-d496-4ff7-8afa-ea34895a0eb8,fd070901-cd40-4259-ae64-2e1bee0e54c7,db115f39-55c9-42cb-8d0f-99c7c10f9f1b,AVAILABLE_AT,forward,1.0000,{},HERA.SALON.SERVICE.AVAILABLE.AT.BRANCH.V1,DRAFT,0.0000,,{},{},{},t,2025-10-10 06:16:59.474398+00,,2025-10-10 06:16:59.474398+00,2025-10-10 06:16:59.474398+00,09b0b92a-d797-489e-bc03-5ca0a6272674,09b0b92a-d797-489e-bc03-5ca0a6272674,1
a7f8bc93-7a74-4808-aa57-b56cd87d1aeb,378f24fb-d496-4ff7-8afa-ea34895a0eb8,f551a21e-789e-45e2-be09-0152a2913c25,83f96b69-156f-4029-b636-638ad7b36c47,AVAILABLE_AT,forward,1.0000,{},HERA.SALON.SERVICE.AVAILABLE.AT.BRANCH.V1,DRAFT,0.0000,,{},{},{},t,2025-10-10 06:16:59.474398+00,,2025-10-10 06:16:59.474398+00,2025-10-10 06:16:59.474398+00,09b0b92a-d797-489e-bc03-5ca0a6272674,09b0b92a-d797-489e-bc03-5ca0a6272674,1
0b063dc7-83ab-4322-8e25-89a81b906cda,378f24fb-d496-4ff7-8afa-ea34895a0eb8,f551a21e-789e-45e2-be09-0152a2913c25,db115f39-55c9-42cb-8d0f-99c7c10f9f1b,AVAILABLE_AT,forward,1.0000,{},HERA.SALON.SERVICE.AVAILABLE.AT.BRANCH.V1,DRAFT,0.0000,,{},{},{},t,2025-10-10 06:16:59.474398+00,,2025-10-10 06:16:59.474398+00,2025-10-10 06:16:59.474398+00,09b0b92a-d797-489e-bc03-5ca0a6272674,09b0b92a-d797-489e-bc03-5ca0a6272674,1
b365a456-5936-4ac8-8123-171ba3a79a05,378f24fb-d496-4ff7-8afa-ea34895a0eb8,3ae9b166-7544-4973-b5cd-889c7ecee022,60e20f53-efcd-4197-9ee8-6c4e9344e9b7,HAS_CATEGORY,forward,1.0000,{},HERA.SALON.SERVICE.REL.HAS_CATEGORY.v1,DRAFT,0.0000,,{},{},{},t,2025-10-14 07:45:30.914891+00,,2025-10-14 07:45:30.914891+00,2025-10-14 07:45:30.914891+00,09b0b92a-d797-489e-bc03-5ca0a6272674,09b0b92a-d797-489e-bc03-5ca0a6272674,1
1d47b0b1-ec0b-463b-90a7-067327584289,378f24fb-d496-4ff7-8afa-ea34895a0eb8,3561ba56-ce9a-474e-b9ee-1e01cf5f31fa,83f96b69-156f-4029-b636-638ad7b36c47,AVAILABLE_AT,forward,1.0000,{},HERA.SALON.SERVICE.REL.AVAILABLE_AT.v1,DRAFT,0.0000,,{},{},{},t,2025-10-14 07:57:26.816768+00,,2025-10-14 07:57:26.816768+00,2025-10-14 07:57:26.816768+00,09b0b92a-d797-489e-bc03-5ca0a6272674,09b0b92a-d797-489e-bc03-5ca0a6272674,1
51366972-f0fc-4715-80d1-0e42574e2fe5,378f24fb-d496-4ff7-8afa-ea34895a0eb8,3561ba56-ce9a-474e-b9ee-1e01cf5f31fa,db115f39-55c9-42cb-8d0f-99c7c10f9f1b,AVAILABLE_AT,forward,1.0000,{},HERA.SALON.SERVICE.REL.AVAILABLE_AT.v1,DRAFT,0.0000,,{},{},{},t,2025-10-14 07:57:26.816768+00,,2025-10-14 07:57:26.816768+00,2025-10-14 07:57:26.816768+00,09b0b92a-d797-489e-bc03-5ca0a6272674,09b0b92a-d797-489e-bc03-5ca0a6272674,1
208298ed-f0e3-46d2-953f-a644054b4934,378f24fb-d496-4ff7-8afa-ea34895a0eb8,09a715c7-17b4-4316-99d5-e2a6bfb86c0a,8c19b0c3-89a7-4888-9f49-0e4bbd4f0b7c,HAS_CATEGORY,forward,1.0000,{},HERA.SALON.SERVICE.REL.HAS_CATEGORY.v1,DRAFT,0.0000,,{},{},{},t,2025-10-14 07:58:06.603775+00,,2025-10-14 07:58:06.603775+00,2025-10-14 07:58:06.603775+00,09b0b92a-d797-489e-bc03-5ca0a6272674,09b0b92a-d797-489e-bc03-5ca0a6272674,1
d1a08b66-b22c-41c0-9e50-f2ec777f3220,378f24fb-d496-4ff7-8afa-ea34895a0eb8,b195bad3-b54f-4b67-b78f-43c2017a7dca,83f96b69-156f-4029-b636-638ad7b36c47,STOCK_AT,forward,1.0000,{},HERA.SALON.PRODUCT.REL.STOCK_AT.v1,DRAFT,0.0000,,{},{},{},t,2025-10-14 08:52:24.415549+00,,2025-10-14 08:52:24.415549+00,2025-10-14 08:52:24.415549+00,09b0b92a-d797-489e-bc03-5ca0a6272674,09b0b92a-d797-489e-bc03-5ca0a6272674,1
82392c37-1eb3-46a7-a7cf-3d4085351f1e,378f24fb-d496-4ff7-8afa-ea34895a0eb8,b195bad3-b54f-4b67-b78f-43c2017a7dca,db115f39-55c9-42cb-8d0f-99c7c10f9f1b,STOCK_AT,forward,1.0000,{},HERA.SALON.PRODUCT.REL.STOCK_AT.v1,DRAFT,0.0000,,{},{},{},t,2025-10-14 08:52:24.415549+00,,2025-10-14 08:52:24.415549+00,2025-10-14 08:52:24.415549+00,09b0b92a-d797-489e-bc03-5ca0a6272674,09b0b92a-d797-489e-bc03-5ca0a6272674,1
f574bbf5-e984-4db4-b5fc-6f24655459d9,378f24fb-d496-4ff7-8afa-ea34895a0eb8,48e80e6d-50bb-4591-bb5c-18b90cb89b47,db115f39-55c9-42cb-8d0f-99c7c10f9f1b,STOCK_AT,forward,1.0000,{},HERA.SALON.PRODUCT.STOCK.AT.BRANCH.V1,DRAFT,0.0000,,{},{},{},t,2025-10-10 06:16:59.474398+00,,2025-10-10 06:16:59.474398+00,2025-10-10 06:16:59.474398+00,09b0b92a-d797-489e-bc03-5ca0a6272674,09b0b92a-d797-489e-bc03-5ca0a6272674,1
74865cac-4815-4fac-8d73-74407f4e9572,378f24fb-d496-4ff7-8afa-ea34895a0eb8,4f661805-9065-4d62-bdf2-c57dec3bf72c,83f96b69-156f-4029-b636-638ad7b36c47,STOCK_AT,forward,1.0000,{},HERA.SALON.PRODUCT.STOCK.AT.BRANCH.V1,DRAFT,0.0000,,{},{},{},t,2025-10-10 06:16:59.474398+00,,2025-10-10 06:16:59.474398+00,2025-10-10 06:16:59.474398+00,09b0b92a-d797-489e-bc03-5ca0a6272674,09b0b92a-d797-489e-bc03-5ca0a6272674,1
fa4b5809-3dfb-453b-a633-339d067bdebc,378f24fb-d496-4ff7-8afa-ea34895a0eb8,4f661805-9065-4d62-bdf2-c57dec3bf72c,db115f39-55c9-42cb-8d0f-99c7c10f9f1b,STOCK_AT,forward,1.0000,{},HERA.SALON.PRODUCT.STOCK.AT.BRANCH.V1,DRAFT,0.0000,,{},{},{},t,2025-10-10 06:16:59.474398+00,,2025-10-10 06:16:59.474398+00,2025-10-10 06:16:59.474398+00,09b0b92a-d797-489e-bc03-5ca0a6272674,09b0b92a-d797-489e-bc03-5ca0a6272674,1
e91b7fdb-9e66-4702-924c-46f92de23a00,378f24fb-d496-4ff7-8afa-ea34895a0eb8,629a3c13-6644-43b5-9218-938cfb4fcc14,523628c1-28b5-4a75-9cfb-a98d9ab99b32,HAS_CATEGORY,forward,1.0000,{},HERA.SALON.SERVICE.REL.HAS_CATEGORY.v1,DRAFT,0.0000,,{},{},{},t,2025-10-14 07:18:42.245771+00,,2025-10-14 07:18:42.245771+00,2025-10-14 07:18:42.245771+00,09b0b92a-d797-489e-bc03-5ca0a6272674,09b0b92a-d797-489e-bc03-5ca0a6272674,1
76913341-05b6-4af6-8729-81b10eba338a,378f24fb-d496-4ff7-8afa-ea34895a0eb8,0427340a-ce72-4d90-bda2-91a981fd4902,bcbda619-1664-47c2-86b4-00b2e7d0dd2c,HAS_CATEGORY,forward,1.0000,{},HERA.SALON.SERVICE.REL.HAS_CATEGORY.v1,DRAFT,0.0000,,{},{},{},t,2025-10-14 07:45:01.416286+00,,2025-10-14 07:45:01.416286+00,2025-10-14 07:45:01.416286+00,09b0b92a-d797-489e-bc03-5ca0a6272674,09b0b92a-d797-489e-bc03-5ca0a6272674,1
6599279a-b6e9-4df5-aeb6-cd56f9dccf1f,378f24fb-d496-4ff7-8afa-ea34895a0eb8,9c6c009d-c190-467c-bb1b-5848db4fc0e3,83f96b69-156f-4029-b636-638ad7b36c47,STOCK_AT,forward,1.0000,{},HERA.SALON.PRODUCT.STOCK.AT.BRANCH.V1,DRAFT,0.0000,,{},{},{},t,2025-10-10 06:16:59.474398+00,,2025-10-10 06:16:59.474398+00,2025-10-10 06:16:59.474398+00,09b0b92a-d797-489e-bc03-5ca0a6272674,09b0b92a-d797-489e-bc03-5ca0a6272674,1
5286ef63-a042-4e8e-b8eb-200fe657157d,378f24fb-d496-4ff7-8afa-ea34895a0eb8,9c6c009d-c190-467c-bb1b-5848db4fc0e3,db115f39-55c9-42cb-8d0f-99c7c10f9f1b,STOCK_AT,forward,1.0000,{},HERA.SALON.PRODUCT.STOCK.AT.BRANCH.V1,DRAFT,0.0000,,{},{},{},t,2025-10-10 06:16:59.474398+00,,2025-10-10 06:16:59.474398+00,2025-10-10 06:16:59.474398+00,09b0b92a-d797-489e-bc03-5ca0a6272674,09b0b92a-d797-489e-bc03-5ca0a6272674,1
c6728975-ae3d-4c0f-8f47-8813cc91df36,378f24fb-d496-4ff7-8afa-ea34895a0eb8,3ae9b166-7544-4973-b5cd-889c7ecee022,83f96b69-156f-4029-b636-638ad7b36c47,AVAILABLE_AT,forward,1.0000,{},HERA.SALON.SERVICE.REL.AVAILABLE_AT.v1,DRAFT,0.0000,,{},{},{},t,2025-10-14 07:45:31.498865+00,,2025-10-14 07:45:31.498865+00,2025-10-14 07:45:31.498865+00,09b0b92a-d797-489e-bc03-5ca0a6272674,09b0b92a-d797-489e-bc03-5ca0a6272674,1
08bad077-27b5-42af-837f-48fccd96e5ec,378f24fb-d496-4ff7-8afa-ea34895a0eb8,3ae9b166-7544-4973-b5cd-889c7ecee022,db115f39-55c9-42cb-8d0f-99c7c10f9f1b,AVAILABLE_AT,forward,1.0000,{},HERA.SALON.SERVICE.REL.AVAILABLE_AT.v1,DRAFT,0.0000,,{},{},{},t,2025-10-14 07:45:31.498865+00,,2025-10-14 07:45:31.498865+00,2025-10-14 07:45:31.498865+00,09b0b92a-d797-489e-bc03-5ca0a6272674,09b0b92a-d797-489e-bc03-5ca0a6272674,1
7d9a2998-40b7-444f-ba7b-647df6d49e94,378f24fb-d496-4ff7-8afa-ea34895a0eb8,7a2a7016-fab7-432d-8591-2729425f137d,83f96b69-156f-4029-b636-638ad7b36c47,STOCK_AT,forward,1.0000,{},HERA.SALON.PRODUCT.STOCK.AT.BRANCH.V1,DRAFT,0.0000,,{},{},{},t,2025-10-10 06:16:59.474398+00,,2025-10-10 06:16:59.474398+00,2025-10-10 06:16:59.474398+00,09b0b92a-d797-489e-bc03-5ca0a6272674,09b0b92a-d797-489e-bc03-5ca0a6272674,1
40fd0ed2-b658-4804-8080-5f82fba7f23d,378f24fb-d496-4ff7-8afa-ea34895a0eb8,7a2a7016-fab7-432d-8591-2729425f137d,db115f39-55c9-42cb-8d0f-99c7c10f9f1b,STOCK_AT,forward,1.0000,{},HERA.SALON.PRODUCT.STOCK.AT.BRANCH.V1,DRAFT,0.0000,,{},{},{},t,2025-10-10 06:16:59.474398+00,,2025-10-10 06:16:59.474398+00,2025-10-10 06:16:59.474398+00,09b0b92a-d797-489e-bc03-5ca0a6272674,09b0b92a-d797-489e-bc03-5ca0a6272674,1
73090e48-d863-47df-b888-65760b20129e,378f24fb-d496-4ff7-8afa-ea34895a0eb8,7cf63f0d-dbee-4de6-8722-191c34f551cf,83f96b69-156f-4029-b636-638ad7b36c47,AVAILABLE_AT,forward,1.0000,{},HERA.SALON.SERVICE.REL.AVAILABLE_AT.v1,DRAFT,0.0000,,{},{},{},t,2025-10-14 07:45:47.697928+00,,2025-10-14 07:45:47.697928+00,2025-10-14 07:45:47.697928+00,09b0b92a-d797-489e-bc03-5ca0a6272674,09b0b92a-d797-489e-bc03-5ca0a6272674,1
78febedf-5a11-43e7-ac5d-0156d344ca27,378f24fb-d496-4ff7-8afa-ea34895a0eb8,7cf63f0d-dbee-4de6-8722-191c34f551cf,db115f39-55c9-42cb-8d0f-99c7c10f9f1b,AVAILABLE_AT,forward,1.0000,{},HERA.SALON.SERVICE.REL.AVAILABLE_AT.v1,DRAFT,0.0000,,{},{},{},t,2025-10-14 07:45:47.697928+00,,2025-10-14 07:45:47.697928+00,2025-10-14 07:45:47.697928+00,09b0b92a-d797-489e-bc03-5ca0a6272674,09b0b92a-d797-489e-bc03-5ca0a6272674,1
e2b2dfb6-562e-4c28-8a30-f112c8ea9dea,378f24fb-d496-4ff7-8afa-ea34895a0eb8,85a4e3c4-3bda-41ec-9af6-60feaf18f8aa,83f96b69-156f-4029-b636-638ad7b36c47,STOCK_AT,forward,1.0000,{},HERA.SALON.PRODUCT.STOCK.AT.BRANCH.V1,DRAFT,0.0000,,{},{},{},t,2025-10-10 06:16:59.474398+00,,2025-10-10 06:16:59.474398+00,2025-10-10 06:16:59.474398+00,09b0b92a-d797-489e-bc03-5ca0a6272674,09b0b92a-d797-489e-bc03-5ca0a6272674,1
aea28d65-27c0-4778-8609-3edaca3bdad6,378f24fb-d496-4ff7-8afa-ea34895a0eb8,85a4e3c4-3bda-41ec-9af6-60feaf18f8aa,db115f39-55c9-42cb-8d0f-99c7c10f9f1b,STOCK_AT,forward,1.0000,{},HERA.SALON.PRODUCT.STOCK.AT.BRANCH.V1,DRAFT,0.0000,,{},{},{},t,2025-10-10 06:16:59.474398+00,,2025-10-10 06:16:59.474398+00,2025-10-10 06:16:59.474398+00,09b0b92a-d797-489e-bc03-5ca0a6272674,09b0b92a-d797-489e-bc03-5ca0a6272674,1
3c8a869b-7ec6-48ce-a7c5-83f3d377b80d,378f24fb-d496-4ff7-8afa-ea34895a0eb8,4b351833-f817-4249-a316-2573235898ef,8c19b0c3-89a7-4888-9f49-0e4bbd4f0b7c,HAS_CATEGORY,forward,1.0000,{},HERA.SALON.SERVICE.REL.HAS_CATEGORY.v1,DRAFT,0.0000,,{},{},{},t,2025-10-14 07:58:49.129765+00,,2025-10-14 07:58:49.129765+00,2025-10-14 07:58:49.129765+00,09b0b92a-d797-489e-bc03-5ca0a6272674,09b0b92a-d797-489e-bc03-5ca0a6272674,1
3eb478a0-463c-4fb5-a135-f4aaa3257087,378f24fb-d496-4ff7-8afa-ea34895a0eb8,b163cb1a-22e8-48cd-8c4a-0adc865c590a,5ea6c644-1c7a-4e60-8594-aa26c9c75215,STOCK_OF_PRODUCT,forward,1.0000,{},HERA.SALON.INV.REL.STOCKOFPRODUCT.V1,DRAFT,0.0000,,{},{},{},t,2025-10-17 08:26:31.685+00,,2025-10-17 08:26:31.704002+00,2025-10-17 08:26:31.704002+00,09b0b92a-d797-489e-bc03-5ca0a6272674,09b0b92a-d797-489e-bc03-5ca0a6272674,1
19a9a4d7-8298-4e99-8ac7-4854122ef249,378f24fb-d496-4ff7-8afa-ea34895a0eb8,b163cb1a-22e8-48cd-8c4a-0adc865c590a,db115f39-55c9-42cb-8d0f-99c7c10f9f1b,STOCK_AT_LOCATION,forward,1.0000,{},HERA.SALON.INV.REL.STOCKATLOCATION.V1,DRAFT,0.0000,,{},{},{},t,2025-10-17 08:26:32.553+00,,2025-10-17 08:26:32.573651+00,2025-10-17 08:26:32.573651+00,09b0b92a-d797-489e-bc03-5ca0a6272674,09b0b92a-d797-489e-bc03-5ca0a6272674,1
de3ba769-fc98-4176-a6d6-95996075b794,378f24fb-d496-4ff7-8afa-ea34895a0eb8,de1df2b5-f3ef-4a93-8bb6-000267200e69,5ea6c644-1c7a-4e60-8594-aa26c9c75215,STOCK_OF_PRODUCT,forward,1.0000,{},HERA.SALON.INV.REL.STOCKOFPRODUCT.V1,DRAFT,0.0000,,{},{},{},t,2025-10-17 08:26:34.093+00,,2025-10-17 08:26:34.112287+00,2025-10-17 08:26:34.112287+00,09b0b92a-d797-489e-bc03-5ca0a6272674,09b0b92a-d797-489e-bc03-5ca0a6272674,1
1b463893-3302-43a4-8d89-c870f229ad22,378f24fb-d496-4ff7-8afa-ea34895a0eb8,de1df2b5-f3ef-4a93-8bb6-000267200e69,83f96b69-156f-4029-b636-638ad7b36c47,STOCK_AT_LOCATION,forward,1.0000,{},HERA.SALON.INV.REL.STOCKATLOCATION.V1,DRAFT,0.0000,,{},{},{},t,2025-10-17 08:26:35.041+00,,2025-10-17 08:26:35.057723+00,2025-10-17 08:26:35.057723+00,09b0b92a-d797-489e-bc03-5ca0a6272674,09b0b92a-d797-489e-bc03-5ca0a6272674,1
6fc94634-a760-4886-98af-c8f46b633af5,378f24fb-d496-4ff7-8afa-ea34895a0eb8,090e2717-cd32-45b4-bb2e-5883162bd1db,d1590d75-7efd-449c-b484-08ed92aa90cf,STOCK_OF_PRODUCT,forward,1.0000,{},HERA.SALON.INV.REL.STOCKOFPRODUCT.V1,DRAFT,0.0000,,{},{},{},t,2025-10-17 08:26:36.677+00,,2025-10-17 08:26:36.697511+00,2025-10-17 08:26:36.697511+00,09b0b92a-d797-489e-bc03-5ca0a6272674,09b0b92a-d797-489e-bc03-5ca0a6272674,1
2f0774f9-d8d8-4c89-bcda-1e7da79f2d5f,378f24fb-d496-4ff7-8afa-ea34895a0eb8,090e2717-cd32-45b4-bb2e-5883162bd1db,db115f39-55c9-42cb-8d0f-99c7c10f9f1b,STOCK_AT_LOCATION,forward,1.0000,{},HERA.SALON.INV.REL.STOCKATLOCATION.V1,DRAFT,0.0000,,{},{},{},t,2025-10-17 08:26:37.601+00,,2025-10-17 08:26:37.635006+00,2025-10-17 08:26:37.635006+00,09b0b92a-d797-489e-bc03-5ca0a6272674,09b0b92a-d797-489e-bc03-5ca0a6272674,1
030cd47c-2f1e-4805-a41e-7505e584266c,378f24fb-d496-4ff7-8afa-ea34895a0eb8,5bd61d86-8f07-4239-8dbe-82a7f2b85c7c,d1590d75-7efd-449c-b484-08ed92aa90cf,STOCK_OF_PRODUCT,forward,1.0000,{},HERA.SALON.INV.REL.STOCKOFPRODUCT.V1,DRAFT,0.0000,,{},{},{},t,2025-10-17 08:26:39.238+00,,2025-10-17 08:26:39.258046+00,2025-10-17 08:26:39.258046+00,09b0b92a-d797-489e-bc03-5ca0a6272674,09b0b92a-d797-489e-bc03-5ca0a6272674,1
145a7c0c-3dd6-4f70-8af2-2eabef7b6589,378f24fb-d496-4ff7-8afa-ea34895a0eb8,5bd61d86-8f07-4239-8dbe-82a7f2b85c7c,83f96b69-156f-4029-b636-638ad7b36c47,STOCK_AT_LOCATION,forward,1.0000,{},HERA.SALON.INV.REL.STOCKATLOCATION.V1,DRAFT,0.0000,,{},{},{},t,2025-10-17 08:26:40.162+00,,2025-10-17 08:26:40.195645+00,2025-10-17 08:26:40.195645+00,09b0b92a-d797-489e-bc03-5ca0a6272674,09b0b92a-d797-489e-bc03-5ca0a6272674,1
18fd3eea-1a4b-4f5a-a858-bc7dbe5faa9e,378f24fb-d496-4ff7-8afa-ea34895a0eb8,f532b238-11e7-4a57-9d9a-1214d44384d3,48e80e6d-50bb-4591-bb5c-18b90cb89b47,STOCK_OF_PRODUCT,forward,1.0000,{},HERA.SALON.INV.REL.STOCKOFPRODUCT.V1,DRAFT,0.0000,,{},{},{},t,2025-10-17 08:26:41.806+00,,2025-10-17 08:26:41.825307+00,2025-10-17 08:26:41.825307+00,09b0b92a-d797-489e-bc03-5ca0a6272674,09b0b92a-d797-489e-bc03-5ca0a6272674,1
997a1aa4-d61c-4300-9e7b-1b3c8aa53d0d,378f24fb-d496-4ff7-8afa-ea34895a0eb8,83fa29c1-1151-496d-a61e-50286dee4420,5b66f153-3949-4d02-8afa-0de425ca799e,STOCK_OF_PRODUCT,forward,1.0000,{},HERA.SALON.INV.REL.STOCKOFPRODUCT.V1,DRAFT,0.0000,,{},{},{},t,2025-10-17 08:26:28.886+00,,2025-10-17 08:26:28.912488+00,2025-10-17 08:26:28.912488+00,09b0b92a-d797-489e-bc03-5ca0a6272674,09b0b92a-d797-489e-bc03-5ca0a6272674,1
d8775b82-8e06-434c-ba10-86d158f5736c,378f24fb-d496-4ff7-8afa-ea34895a0eb8,83fa29c1-1151-496d-a61e-50286dee4420,83f96b69-156f-4029-b636-638ad7b36c47,STOCK_AT_LOCATION,forward,1.0000,{},HERA.SALON.INV.REL.STOCKATLOCATION.V1,DRAFT,0.0000,,{},{},{},t,2025-10-17 08:26:29.857+00,,2025-10-17 08:26:29.880258+00,2025-10-17 08:26:29.880258+00,09b0b92a-d797-489e-bc03-5ca0a6272674,09b0b92a-d797-489e-bc03-5ca0a6272674,1
e1c0b7bc-2a72-4994-8fdf-0a21cbdd4e24,378f24fb-d496-4ff7-8afa-ea34895a0eb8,f532b238-11e7-4a57-9d9a-1214d44384d3,db115f39-55c9-42cb-8d0f-99c7c10f9f1b,STOCK_AT_LOCATION,forward,1.0000,{},HERA.SALON.INV.REL.STOCKATLOCATION.V1,DRAFT,0.0000,,{},{},{},t,2025-10-17 08:26:42.697+00,,2025-10-17 08:26:42.727237+00,2025-10-17 08:26:42.727237+00,09b0b92a-d797-489e-bc03-5ca0a6272674,09b0b92a-d797-489e-bc03-5ca0a6272674,1
f08002df-ab15-421c-a3ea-388e2188a957,378f24fb-d496-4ff7-8afa-ea34895a0eb8,87153054-c2d2-4750-b6c7-e519ce7e4cf6,48e80e6d-50bb-4591-bb5c-18b90cb89b47,STOCK_OF_PRODUCT,forward,1.0000,{},HERA.SALON.INV.REL.STOCKOFPRODUCT.V1,DRAFT,0.0000,,{},{},{},t,2025-10-17 08:26:44.324+00,,2025-10-17 08:26:44.342442+00,2025-10-17 08:26:44.342442+00,09b0b92a-d797-489e-bc03-5ca0a6272674,09b0b92a-d797-489e-bc03-5ca0a6272674,1
56d4d431-b5a0-434d-bda7-67f6d18cd296,378f24fb-d496-4ff7-8afa-ea34895a0eb8,87153054-c2d2-4750-b6c7-e519ce7e4cf6,83f96b69-156f-4029-b636-638ad7b36c47,STOCK_AT_LOCATION,forward,1.0000,{},HERA.SALON.INV.REL.STOCKATLOCATION.V1,DRAFT,0.0000,,{},{},{},t,2025-10-17 08:26:45.255+00,,2025-10-17 08:26:45.269221+00,2025-10-17 08:26:45.269221+00,09b0b92a-d797-489e-bc03-5ca0a6272674,09b0b92a-d797-489e-bc03-5ca0a6272674,1
5d346a52-6e4f-4c71-a104-3f7bc8588e0e,378f24fb-d496-4ff7-8afa-ea34895a0eb8,3ced4979-4c09-4e1e-8667-6707cfe6ec77,378f24fb-d496-4ff7-8afa-ea34895a0eb8,MEMBER_OF,forward,1.0000,"{""role"": ""OWNER"", ""permissions"": [""*""]}",HERA.CORE.USER.REL.MEMBER_OF.V1,DRAFT,0.0000,,{},{},{},t,2025-10-17 17:31:38.119791+00,,2025-10-17 17:31:38.075+00,2025-10-18 07:19:31.54+00,3ced4979-4c09-4e1e-8667-6707cfe6ec77,3ced4979-4c09-4e1e-8667-6707cfe6ec77,1
ff23df55-dfe5-4db1-b2dc-4d6321417acb,378f24fb-d496-4ff7-8afa-ea34895a0eb8,0a041d3b-3fa3-472b-817f-6f31b2cec357,5e18cb43-ed6d-4ba3-9714-d22a82803668,IN_STAGE,forward,1.0000,{},,DRAFT,0.0000,,{},{},{},t,2025-10-19 21:37:00.712343+00,,2025-10-19 21:37:00.712343+00,2025-10-19 21:37:00.712343+00,09b0b92a-d797-489e-bc03-5ca0a6272674,09b0b92a-d797-489e-bc03-5ca0a6272674,1
2282eb22-907c-4166-ae9b-641ee3f1d3ae,378f24fb-d496-4ff7-8afa-ea34895a0eb8,b84310ce-a0ef-4c31-906c-b47fa1ab98a0,f49a92eb-7e8c-4307-8c5e-926912c0b761,RELATED_TO_ACCOUNT,forward,1.0000,{},,DRAFT,0.0000,,{},{},{},t,2025-10-19 21:37:00.778174+00,,2025-10-19 21:37:00.778174+00,2025-10-19 21:37:00.778174+00,09b0b92a-d797-489e-bc03-5ca0a6272674,09b0b92a-d797-489e-bc03-5ca0a6272674,1
56b162b3-47b2-4202-bd85-59eebe9e7a72,378f24fb-d496-4ff7-8afa-ea34895a0eb8,974a66ee-fa9b-4c14-907b-5f81dcbdfa00,48089a0e-5199-4d82-b9ac-3a09b68a6864,MEMBER_OF,forward,1.0000,{},,DRAFT,0.0000,,{},{},{},t,2025-10-19 21:42:28.229008+00,,2025-10-19 21:42:28.229008+00,2025-10-19 21:42:28.229008+00,b0305aa6-67ac-4618-b906-d41f9f3400bc,b0305aa6-67ac-4618-b906-d41f9f3400bc,1
dec5cd57-5f2f-4856-a06d-d16c601a396f,378f24fb-d496-4ff7-8afa-ea34895a0eb8,31a991fb-e435-4e6a-ae16-307bd9c3dc63,48089a0e-5199-4d82-b9ac-3a09b68a6864,MEMBER_OF,forward,1.0000,{},,DRAFT,0.0000,,{},{},{},t,2025-10-20 03:26:48.726822+00,,2025-10-20 03:26:48.726822+00,2025-10-20 03:26:48.726822+00,b0305aa6-67ac-4618-b906-d41f9f3400bc,b0305aa6-67ac-4618-b906-d41f9f3400bc,1
6cf86b5c-5cbf-4ba2-a1cd-8e77bffeaf8f,378f24fb-d496-4ff7-8afa-ea34895a0eb8,13768bcd-8a57-4156-9c2e-ab95efea728f,48089a0e-5199-4d82-b9ac-3a09b68a6864,MEMBER_OF,forward,1.0000,{},,DRAFT,0.0000,,{},{},{},t,2025-10-20 03:26:49.1497+00,,2025-10-20 03:26:49.1497+00,2025-10-20 03:26:49.1497+00,b0305aa6-67ac-4618-b906-d41f9f3400bc,b0305aa6-67ac-4618-b906-d41f9f3400bc,1
cab95c66-0364-4f5d-83f6-e9d6c7d5f326,378f24fb-d496-4ff7-8afa-ea34895a0eb8,5c8ad04b-75bc-4fd7-845b-5aa16e24c5db,48089a0e-5199-4d82-b9ac-3a09b68a6864,MEMBER_OF,forward,1.0000,{},,DRAFT,0.0000,,{},{},{},t,2025-10-20 03:26:49.521825+00,,2025-10-20 03:26:49.521825+00,2025-10-20 03:26:49.521825+00,b0305aa6-67ac-4618-b906-d41f9f3400bc,b0305aa6-67ac-4618-b906-d41f9f3400bc,1
e0331fb2-7586-4c15-a726-5bed07c5d627,378f24fb-d496-4ff7-8afa-ea34895a0eb8,4ab419af-feb1-4199-b8c0-d1498ad63799,48089a0e-5199-4d82-b9ac-3a09b68a6864,MEMBER_OF,forward,1.0000,{},,DRAFT,0.0000,,{},{},{},t,2025-10-20 03:26:49.824894+00,,2025-10-20 03:26:49.824894+00,2025-10-20 03:26:49.824894+00,b0305aa6-67ac-4618-b906-d41f9f3400bc,b0305aa6-67ac-4618-b906-d41f9f3400bc,1
dff75426-32c8-4b8d-92a6-fe38df98ff07,378f24fb-d496-4ff7-8afa-ea34895a0eb8,13a2006c-6b82-4c15-9efb-d95eef14d98a,378f24fb-d496-4ff7-8afa-ea34895a0eb8,MEMBER_OF,forward,1.0000,"{""role"": ""OWNER"", ""permissions"": [""*""]}",HERA.CORE.USER.REL.MEMBER_OF.V1,DRAFT,0.0000,,{},{},{},t,2025-10-21 06:15:35.174797+00,,2025-10-21 06:15:35.14+00,2025-10-21 06:15:35.14+00,13a2006c-6b82-4c15-9efb-d95eef14d98a,13a2006c-6b82-4c15-9efb-d95eef14d98a,1
b8444280-c053-4fc3-8c25-3e0770783081,378f24fb-d496-4ff7-8afa-ea34895a0eb8,a3b32b8c-3de5-4941-971e-2653a4395866,c0771739-ddb6-47fb-ae82-d34febedf098,MEMBER_OF,forward,1.0000,{},,DRAFT,0.0000,,{},{},{},t,2025-10-25 11:47:33.638383+00,,2025-10-25 11:47:33.638383+00,2025-10-25 11:47:33.638383+00,359b36d8-6288-4062-8be2-c64b4d514e7c,359b36d8-6288-4062-8be2-c64b4d514e7c,1
